0.0,0.0,0.0,-0.06312471628189087,-0.056228816509246826,-0.022877734936116667,-0.1038064956665039,-0.15533095598220825,-0.029088525883196326,-0.11819911003112793,-0.24267619848251343,-0.0343935590603337,-0.1341058611869812,-0.31218981742858887,-0.03876438256287429,-0.06163954734802246,-0.26004737615585327,-0.003702238750918241,-0.07860368490219116,-0.35756784677505493,-0.019581374562619658,-0.08822810649871826,-0.4159221351146698,-0.03444339971923682,-0.09293544292449951,-0.46984702348709106,-0.046279708705185385,-0.017286598682403564,-0.2695385217666626,-0.00826453123175952,-0.023421764373779297,-0.3794613480567932,-0.020437224618433447,-0.025069832801818848,-0.44681230187416077,-0.03455602269553992,-0.025245368480682373,-0.5051617324352264,-0.04575058337235305,0.022439420223236084,-0.25473058223724365,-0.01800343844973895,0.026951611042022705,-0.3546876907348633,-0.03366613279962394,0.030752122402191162,-0.42037123441696167,-0.046165703646181555,0.032378554344177246,-0.48035115003585815,-0.05569993223929259,0.0596652626991272,-0.2232351303100586,-0.030511812157271834,0.06834876537322998,-0.2992340922355652,-0.045426550171612234,0.07289844751358032,-0.35059553384780884,-0.052114452085731955,0.07492023706436157,-0.40039801597595215,-0.05724558126115653
0.6003633737564087,0.8934044241905212,3.0507604265039845e-07,-0.0634077787399292,-0.05701559782028198,-0.022902505074540613,-0.10394474864006042,-0.156460702419281,-0.029600724180141924,-0.11773249506950378,-0.2446102499961853,-0.03540956934253359,-0.13350176811218262,-0.31505781412124634,-0.0403541136280694,-0.060365915298461914,-0.2605048418045044,-0.005074982133606909,-0.07672947645187378,-0.35871464014053345,-0.021700154592195986,-0.08595883846282959,-0.41751036047935486,-0.03701702093044901,-0.09009993076324463,-0.4717100262641907,-0.04905736034075403,-0.015632569789886475,-0.2702416777610779,-0.00986963191340351,-0.021156132221221924,-0.38148337602615356,-0.022633654598990915,-0.022331595420837402,-0.4500230550765991,-0.03716481437245989,-0.022013485431671143,-0.5090325176715851,-0.048654254128138064,0.024344801902770996,-0.2555267810821533,-0.01974192966977739,0.028882145881652832,-0.356697678565979,-0.035706881035963534,0.032581984996795654,-0.4230128228664398,-0.048475384314457415,0.0340193510055542,-0.48268282413482666,-0.05819548626701021,0.06184929609298706,-0.22376710176467896,-0.032347984214226244,0.07131367921829224,-0.3005530834197998,-0.047415285904804705,0.07559788227081299,-0.3526589274406433,-0.054293781121174334,0.07692033052444458,-0.4021729826927185,-0.059530566980043886
0.001543581485748291,0.002024531364440918,-1.1633147778411512e-08,-0.06346529722213745,-0.05725044012069702,-0.02346194636254495,-0.10432761907577515,-0.15649962425231934,-0.030203416088511403,-0.11852163076400757,-0.24549317359924316,-0.03600130144684499,-0.13581523299217224,-0.31595975160598755,-0.040930922219445165,-0.059560418128967285,-0.26273733377456665,-0.004019904026677068,-0.07636553049087524,-0.36035674810409546,-0.020333937445570882,-0.08618539571762085,-0.4191274046897888,-0.03583982128827756,-0.09099817276000977,-0.4736637473106384,-0.04821918819277471,-0.015337646007537842,-0.27260535955429077,-0.008563323954035695,-0.021392822265625,-0.3830433487892151,-0.02118630062966531,-0.023452043533325195,-0.4513500928878784,-0.03585879046647733,-0.024106860160827637,-0.5104750990867615,-0.047565276810814794,0.02414041757583618,-0.25761836767196655,-0.01837946389048284,0.029013216495513916,-0.3588407635688782,-0.03450144369332975,0.03249156475067139,-0.42509710788726807,-0.0474800086411733,0.03366851806640625,-0.485024631023407,-0.0573696411046285,0.06107819080352783,-0.22540277242660522,-0.03102620791821664,0.07051634788513184,-0.30283260345458984,-0.0463164589199323,0.07501143217086792,-0.35484302043914795,-0.05346511218874639,0.07665950059890747,-0.40480974316596985,-0.05895569835035985
0.599301815032959,0.8941336870193481,3.009539000231598e-07,-0.06270444393157959,-0.05739235877990723,-0.023115145653292757,-0.102955162525177,-0.15738296508789062,-0.029809503495499712,-0.11728504300117493,-0.24550002813339233,-0.03561821454744063,-0.1338171362876892,-0.3154205083847046,-0.04060892635564528,-0.05868417024612427,-0.262387752532959,-0.0047786851933153685,-0.07528573274612427,-0.360360324382782,-0.021304296940371614,-0.08483970165252686,-0.41924452781677246,-0.03666043901424132,-0.08913475275039673,-0.4740040898323059,-0.04884029427151404,-0.014285624027252197,-0.2717509865760803,-0.009516902878687006,-0.01977020502090454,-0.38245999813079834,-0.022187702968523126,-0.021060645580291748,-0.45071256160736084,-0.03656244897823058,-0.020921051502227783,-0.5099213421344757,-0.04805973792056761,0.025412142276763916,-0.2567393183708191,-0.019418676063224893,0.030185163021087646,-0.35718852281570435,-0.035288854181573015,0.03426402807235718,-0.42348194122314453,-0.047791442513272386,0.036049485206604004,-0.4836015999317169,-0.05744330087284766,0.06248116493225098,-0.22485440969467163,-0.03214197480659209,0.0715513825416565,-0.3021058440208435,-0.046932908385798555,0.07639652490615845,-0.35415226221084595,-0.053544251858994585,0.07858520746231079,-0.4041058123111725,-0.0587697500882598
0.0015292167663574219,0.001181483268737793,-9.992675131798023e-09,-0.06279206275939941,-0.05678027868270874,-0.02341161148365245,-0.10310733318328857,-0.15686172246932983,-0.030431667731363632,-0.11717590689659119,-0.24496233463287354,-0.03647428044791923,-0.13368916511535645,-0.3147602081298828,-0.04176323527212844,-0.05918937921524048,-0.26142460107803345,-0.005888146736879207,-0.07552343606948853,-0.35949385166168213,-0.022768592850525238,-0.08465206623077393,-0.4183170199394226,-0.03834412285800681,-0.08852136135101318,-0.4731113910675049,-0.050653215886313774,-0.014465570449829102,-0.27066463232040405,-0.010561272890527107,-0.019730210304260254,-0.3814781904220581,-0.0235161207776855,-0.020769596099853516,-0.4495542645454407,-0.03806446531530128,-0.020411312580108643,-0.5088641941547394,-0.04971955755468116,0.02546513080596924,-0.25567299127578735,-0.020354869232733108,0.03045344352722168,-0.3566228151321411,-0.036467433364350654,0.034841954708099365,-0.42303466796875,-0.049122728795964576,0.03710740804672241,-0.4834686815738678,-0.05888953471298919,0.06267702579498291,-0.22392576932907104,-0.032952800781686165,0.07123708724975586,-0.30165600776672363,-0.04801088237877593,0.07599979639053345,-0.3537715673446655,-0.05474083909507499,0.07834333181381226,-0.4039468765258789,-0.06004186013456092
0.6005061864852905,0.8990477323532104,3.005812629908178e-07,-0.06382590532302856,-0.05702483654022217,-0.02332274244830046,-0.10478860139846802,-0.15765422582626343,-0.029348354802579024,-0.118459552526474,-0.24718201160430908,-0.03439895065233145,-0.1352986991405487,-0.3174872398376465,-0.038481879995316604,-0.059303998947143555,-0.26410722732543945,-0.0032351447894427565,-0.0761597752571106,-0.3625528812408447,-0.01891639271482859,-0.0856054425239563,-0.4216667413711548,-0.03386821226879988,-0.08968687057495117,-0.4764776825904846,-0.04591792823478613,-0.014773786067962646,-0.2737794518470764,-0.0077533237795535115,-0.020739376544952393,-0.3846667408943176,-0.019813321546763518,-0.021968305110931396,-0.4534558355808258,-0.03403533624216948,-0.021429061889648438,-0.5127342641353607,-0.045405972764939406,0.024918973445892334,-0.2584812045097351,-0.017585150913447478,0.029423296451568604,-0.3599890470504761,-0.03338439391657744,0.033623337745666504,-0.4263691306114197,-0.046278338895291427,0.03589826822280884,-0.4865865409374237,-0.056133028135747054,0.06210470199584961,-0.22590935230255127,-0.030262725443691352,0.07070881128311157,-0.3028789758682251,-0.04555772619053755,0.07507050037384033,-0.35491079092025757,-0.052785560504645446,0.07718551158905029,-0.4050956964492798,-0.05832417310878668
0.0024349093437194824,0.007615625858306885,-2.082262540170632e-08,-0.06504958868026733,-0.058228135108947754,-0.02182981594330613,-0.10574674606323242,-0.16130638122558594,-0.026962936286395234,-0.11903098225593567,-0.2512938976287842,-0.03151319212145154,-0.1365787386894226,-0.3205729126930237,-0.035178847972815674,-0.059235334396362305,-0.2660049796104431,-0.0012450324264818846,-0.07581549882888794,-0.3640381693840027,-0.016835047293966454,-0.08546864986419678,-0.4232409596443176,-0.03183882719702069,-0.08998620510101318,-0.47769200801849365,-0.04380864686197583,-0.014555633068084717,-0.27577412128448486,-0.006510239922022265,-0.02024155855178833,-0.38694292306900024,-0.018382912863557976,-0.021670162677764893,-0.4563019871711731,-0.03260104394382779,-0.02145451307296753,-0.5156559646129608,-0.04390121287531201,0.02513641119003296,-0.2607992887496948,-0.017025992636149567,0.030288875102996826,-0.3620784878730774,-0.03235440737432782,0.03472012281417847,-0.42781776189804077,-0.044604566310113114,0.0369340181350708,-0.48662450909614563,-0.05397020689076726,0.06202572584152222,-0.2286309003829956,-0.030339578528469247,0.0715487003326416,-0.3056604266166687,-0.044622581813996476,0.07670313119888306,-0.3575921058654785,-0.05081854051775281,0.07949727773666382,-0.4068809747695923,-0.055654302601283234
0.6026233434677124,0.8993684649467468,3.228215916806221e-07,-0.0634458065032959,-0.059790968894958496,-0.02308081488024527,-0.10375326871871948,-0.16072243452072144,-0.029915040609353127,-0.11728474497795105,-0.24987900257110596,-0.035945561033599915,-0.1321536898612976,-0.32138925790786743,-0.0410422834278279,-0.06022363901138306,-0.26362377405166626,-0.0051283550159269,-0.07558119297027588,-0.36331725120544434,-0.02203718970429236,-0.08442646265029907,-0.4230653643608093,-0.03740428785692984,-0.08805817365646362,-0.47824832797050476,-0.049369614821785035,-0.014962196350097656,-0.2725414037704468,-0.010002888058238568,-0.018761515617370605,-0.384776771068573,-0.02280882584761912,-0.019298017024993896,-0.45427072048187256,-0.03698034237038428,-0.01839214563369751,-0.5143526792526245,-0.04814887816917235,0.025776803493499756,-0.25707054138183594,-0.020054230716937127,0.030794143676757812,-0.3587573170661926,-0.035851832729690614,0.035353243350982666,-0.4249345660209656,-0.04790356780301863,0.03770798444747925,-0.48458433151245117,-0.05706841896187598,0.06385010480880737,-0.22499895095825195,-0.032939195883386674,0.07324564456939697,-0.3029804229736328,-0.04764398212444121,0.07854640483856201,-0.3555116653442383,-0.053864564997070374,0.0812951922416687,-0.4055175185203552,-0.058602150780075135
0.004601895809173584,0.00872582197189331,-2.7438858296591206e-08,-0.06475138664245605,-0.05959665775299072,-0.021765384045238534,-0.10503840446472168,-0.16105389595031738,-0.027773930844659844,-0.11574965715408325,-0.24968940019607544,-0.033131846380229035,-0.12835121154785156,-0.32033342123031616,-0.037688096207375565,-0.05957299470901489,-0.2643607258796692,-0.0041656095206690225,-0.07446593046188354,-0.36327648162841797,-0.020502370935673753,-0.08306396007537842,-0.4230363965034485,-0.03577005226611618,-0.0866747498512268,-0.4783051609992981,-0.047803827714915315,-0.014045774936676025,-0.2729412913322449,-0.009633736838395635,-0.01787865161895752,-0.385026216506958,-0.02185813073515419,-0.01801997423171997,-0.4543426036834717,-0.03603388105034355,-0.016722798347473145,-0.514153927564621,-0.04734726731180672,0.026711761951446533,-0.2574577331542969,-0.020116974753136674,0.03220480680465698,-0.35930347442626953,-0.03549853820800308,0.036937713623046875,-0.4257631003856659,-0.047761027854676286,0.03946197032928467,-0.4856550097465515,-0.05724134404658798,0.06480032205581665,-0.22519803047180176,-0.03332392234801773,0.07433640956878662,-0.30335521697998047,-0.04788400341271881,0.07946652173995972,-0.35572463274002075,-0.0542004380047274,0.08189672231674194,-0.40561556816101074,-0.059091796320672074
0.6034392714500427,0.9001368880271912,3.2360455293201085e-07,-0.06566977500915527,-0.05683159828186035,-0.0227071587047476,-0.10646486282348633,-0.15887391567230225,-0.028968157251824778,-0.11761882901191711,-0.24836444854736328,-0.03426777013157789,-0.13245093822479248,-0.31872373819351196,-0.038862885912408274,-0.05900013446807861,-0.2654365301132202,-0.005539347422768515,-0.07366079092025757,-0.3653448224067688,-0.021905686711420458,-0.08218872547149658,-0.42536401748657227,-0.037241892894257944,-0.08616101741790771,-0.4811761975288391,-0.04943338968371336,-0.013885796070098877,-0.2735365629196167,-0.010557701816310328,-0.01806396245956421,-0.38593780994415283,-0.022894630213727396,-0.018477916717529297,-0.4550422430038452,-0.037194518377532404,-0.017777681350708008,-0.5151364803314209,-0.048776539047707956,0.026068270206451416,-0.2580265998840332,-0.02059964836155359,0.031853318214416504,-0.35969698429107666,-0.03612643667077009,0.037015438079833984,-0.4263048768043518,-0.048589704563369196,0.03986424207687378,-0.4866876006126404,-0.05834024958824102,0.0634770393371582,-0.22632867097854614,-0.03344723396514837,0.07254821062088013,-0.3050563335418701,-0.04821287654851858,0.07764661312103271,-0.3574489951133728,-0.054806454112281244,0.08039063215255737,-0.4075927734375,-0.0600417796573538
0.006606876850128174,0.007052481174468994,-2.2555326495421468e-08,-0.06561541557312012,-0.05725574493408203,-0.022881399140828762,-0.10562717914581299,-0.1607843041419983,-0.028673890278810177,-0.11531120538711548,-0.25174379348754883,-0.03339892183350912,-0.13003119826316833,-0.3227040767669678,-0.03719630394982687,-0.05895364284515381,-0.2644363045692444,-0.004965474129789982,-0.07235211133956909,-0.3647817373275757,-0.02058030781256548,-0.0799490213394165,-0.4245561957359314,-0.03527474333452574,-0.08305519819259644,-0.4797013998031616,-0.046910590724223766,-0.013583660125732422,-0.27206140756607056,-0.009431815006905708,-0.016878485679626465,-0.38552337884902954,-0.02079312992202631,-0.016736268997192383,-0.4545801877975464,-0.03441590745853773,-0.015423357486724854,-0.5133901536464691,-0.0454260401885449,0.0268479585647583,-0.2561236619949341,-0.018925567389601383,0.032959043979644775,-0.3590407967567444,-0.03353767772125593,0.03824120759963989,-0.4253764748573303,-0.04553351481365553,0.041259825229644775,-0.48462408781051636,-0.054983075008863125,0.06468945741653442,-0.2239776849746704,-0.03125441004442564,0.07448375225067139,-0.30217528343200684,-0.04531482164668432,0.07983320951461792,-0.35434776544570923,-0.051537278340333614,0.08276736736297607,-0.40397292375564575,-0.05648306687282911
0.6057334542274475,0.9000926613807678,3.287344156888139e-07,-0.06492781639099121,-0.057885587215423584,-0.023152195622486715,-0.10559022426605225,-0.16099560260772705,-0.02922222833828414,-0.11468201875686646,-0.2526317238807678,-0.034185901989502554,-0.12909087538719177,-0.3242167830467224,-0.0383281826575228,-0.057446420192718506,-0.2656552195549011,-0.0060959898468979645,-0.07036066055297852,-0.36618900299072266,-0.021878457402152662,-0.07738810777664185,-0.4264070987701416,-0.036636461277765875,-0.07990777492523193,-0.48195260763168335,-0.048380353261990194,-0.011469244956970215,-0.2730438709259033,-0.010485918966395502,-0.013492584228515625,-0.3847982883453369,-0.022112537880701666,-0.012866973876953125,-0.4544961452484131,-0.03600442480043853,-0.011141955852508545,-0.5137588679790497,-0.04734590720133269,0.029007375240325928,-0.25680088996887207,-0.019886311848921423,0.037067294120788574,-0.35812973976135254,-0.034815755446715,0.042846500873565674,-0.4240127205848694,-0.04712835024790252,0.046048521995544434,-0.48273396492004395,-0.05679672281937087,0.06636470556259155,-0.22409939765930176,-0.032123346586985235,0.07793974876403809,-0.3026033639907837,-0.046653301229042654,0.08421093225479126,-0.3554753065109253,-0.05339992116884673,0.08780407905578613,-0.4055633544921875,-0.05869302969173873
-0.0008911490440368652,0.0050522685050964355,6.350384751385718e-08,-0.06129598617553711,-0.0626058578491211,-0.025831020588640285,-0.09309130907058716,-0.16876059770584106,-0.032850259135130955,-0.09430831670761108,-0.2592925429344177,-0.037930031458500935,-0.09969973564147949,-0.33178389072418213,-0.04180470962322147,-0.03581112623214722,-0.27371877431869507,-0.010481711628500534,-0.039073169231414795,-0.3770636320114136,-0.026648643578056408,-0.037832438945770264,-0.4392439126968384,-0.041159176419142796,-0.03407317399978638,-0.49351197481155396,-0.05220173035061748,0.011968731880187988,-0.27478814125061035,-0.013235001044932915,0.021510720252990723,-0.3872668743133545,-0.024022565374735905,0.028716623783111572,-0.4554031789302826,-0.03688019249833019,0.03507411479949951,-0.5108225345611572,-0.047317383031014515,0.05170559883117676,-0.2532498836517334,-0.020936359802846027,0.0716177225112915,-0.35439836978912354,-0.03504315499461086,0.08353108167648315,-0.41790592670440674,-0.044940714875821186,0.09149843454360962,-0.4740144610404968,-0.052819826791647984,0.08627593517303467,-0.21440136432647705,-0.03169051293528469,0.10691291093826294,-0.2896305322647095,-0.04525913778937252,0.1187627911567688,-0.3389444947242737,-0.04933135319745929,0.1263090968132019,-0.38447827100753784,-0.05237602178252132
0.5948168039321899,0.9042784571647644,2.5200790787494043e-07,-0.06253057718276978,-0.06654143333435059,-0.023427537435821932,-0.09305065870285034,-0.1754893660545349,-0.029882843399576586,-0.09084224700927734,-0.2677158713340759,-0.03510709738188211,-0.09828582406044006,-0.34243929386138916,-0.039424194747738284,-0.031623005867004395,-0.2767421007156372,-0.0058045971935314356,-0.03468519449234009,-0.3783661127090454,-0.02222054896705572,-0.03500401973724365,-0.439104825258255,-0.03758400192313616,-0.03135925531387329,-0.49378982186317444,-0.049563511068157595,0.015473425388336182,-0.277435302734375,-0.010423353666595858,0.025439441204071045,-0.38847988843917847,-0.022038328254751605,0.03295642137527466,-0.4561707675457001,-0.03576672335915987,0.04093390703201294,-0.5135548710823059,-0.04707205181770746,0.053907692432403564,-0.25564736127853394,-0.020207077989510935,0.07477599382400513,-0.35504454374313354,-0.03506726657801096,0.08837705850601196,-0.41750699281692505,-0.046404047662548464,0.09905105829238892,-0.4737095832824707,-0.055582451427511614,0.0873822569847107,-0.21661370992660522,-0.03294901063495104,0.10940241813659668,-0.2906607985496521,-0.04694393163376276,0.12185072898864746,-0.3390505909919739,-0.05252861862831537,0.13127559423446655,-0.38543057441711426,-0.05710001548581545
-0.017051994800567627,0.006343543529510498,8.194663791982748e-08,-0.05975574254989624,-0.06904888153076172,-0.02323730344042474,-0.08788403868675232,-0.17661237716674805,-0.030291161109659015,-0.0905415415763855,-0.26478374004364014,-0.03660989420578176,-0.0987159013748169,-0.33936476707458496,-0.04172855110928708,-0.032302916049957275,-0.27663999795913696,-0.0019962180694221843,-0.03626048564910889,-0.3775520920753479,-0.018703539465519725,-0.0361177921295166,-0.43755415081977844,-0.034473402966710864,-0.03212594985961914,-0.4913240671157837,-0.04642647372648412,0.013602852821350098,-0.2776119112968445,-0.006762513500603973,0.02315676212310791,-0.38911527395248413,-0.01927612030968362,0.03108733892440796,-0.4572293162345886,-0.03363098817035848,0.039558589458465576,-0.5146502256393433,-0.044868635554763614,0.05122387409210205,-0.2560824155807495,-0.016928215120884715,0.07093650102615356,-0.3566693067550659,-0.03230976926252538,0.08439832925796509,-0.4203914999961853,-0.04404970498845273,0.09485805034637451,-0.47723388671875,-0.0529996627764433,0.08395135402679443,-0.2174903154373169,-0.030050827731344043,0.10579711198806763,-0.29208433628082275,-0.04425461458131963,0.11821204423904419,-0.3426782488822937,-0.05015494914815122,0.12778139114379883,-0.3901939392089844,-0.054685747791978656
0.5738807320594788,0.9016073346138,2.1050246346021595e-07,-0.058707237243652344,-0.06762170791625977,-0.018144750981434754,-0.08881241083145142,-0.17654341459274292,-0.022041458650335244,-0.09362789988517761,-0.26314371824264526,-0.02617804893742459,-0.10442256927490234,-0.3308700919151306,-0.02957199142764466,-0.03511136770248413,-0.2735111117362976,0.0016406217917506183,-0.03949618339538574,-0.37340545654296875,-0.013286756365403107,-0.041719019412994385,-0.4340641498565674,-0.027649352340802125,-0.041227638721466064,-0.48757204413414,-0.03871334904323476,0.008965373039245605,-0.27566802501678467,-0.00466482063274043,0.018622636795043945,-0.3854493498802185,-0.015977056710823945,0.024895131587982178,-0.453335702419281,-0.028749793781742028,0.03092062473297119,-0.5096275210380554,-0.0387500543285455,0.0461001992225647,-0.2559322118759155,-0.015835320590838364,0.06540381908416748,-0.3559548854827881,-0.029622549204930237,0.07668852806091309,-0.4188171625137329,-0.03974645399938481,0.08436191082000732,-0.47369384765625,-0.04761628621707814,0.07873159646987915,-0.2186451554298401,-0.029681677012547425,0.1011192798614502,-0.2925826907157898,-0.04260074907432454,0.11312615871429443,-0.3436011075973511,-0.047566989450558594,0.12203508615493774,-0.39079785346984863,-0.05141445064435857
-0.032769203186035156,0.008017957210540771,8.980856591733755e-08,-0.06577900052070618,-0.06236916780471802,-0.02065347363847536,-0.10204225778579712,-0.1656038761138916,-0.02674657893973631,-0.10742288827896118,-0.2542048692703247,-0.032495981507480565,-0.12132260203361511,-0.3241612911224365,-0.03734857817786974,-0.051758021116256714,-0.2676391005516052,-0.0013778648167033225,-0.06125444173812866,-0.37006866931915283,-0.017213618807971898,-0.06523233652114868,-0.4308777153491974,-0.032310961239517155,-0.0667177140712738,-0.4836890697479248,-0.04363364210027498,-0.007047474384307861,-0.27263343334198,-0.006659639493108216,-0.0012977123260498047,-0.3858523368835449,-0.01770792944031996,0.0020209550857543945,-0.4543164372444153,-0.030934021302044812,0.004657447338104248,-0.509597897529602,-0.041441141121566716,0.03151947259902954,-0.2551567554473877,-0.01687048231858057,0.045853495597839355,-0.3552139401435852,-0.02974664834934515,0.05432707071304321,-0.4194187521934509,-0.03981168796914858,0.05953019857406616,-0.4752790927886963,-0.048037106596410695,0.0667911171913147,-0.22024083137512207,-0.029947890393913212,0.08425289392471313,-0.295387864112854,-0.041826682590425435,0.09266620874404907,-0.3455336093902588,-0.04594093044894976,0.09779113531112671,-0.39124763011932373,-0.04934563716548723
0.5568127036094666,0.9050750136375427,2.1953206896796473e-07,-0.07140490412712097,-0.058493852615356445,-0.018392605848589483,-0.11721336841583252,-0.15576672554016113,-0.02357847257701451,-0.1293162703514099,-0.24105024337768555,-0.02917497991768414,-0.14813566207885742,-0.306368887424469,-0.0341266842111736,-0.07026201486587524,-0.26066750288009644,0.002766979251077828,-0.08514365553855896,-0.36006301641464233,-0.012891994930782857,-0.0937296450138092,-0.4191095530986786,-0.028615312792339864,-0.09981504082679749,-0.4696623682975769,-0.04032310485092694,-0.026293665170669556,-0.27096426486968994,-0.003589529219993892,-0.02625042200088501,-0.3839215636253357,-0.014012104973176065,-0.02607893943786621,-0.45175307989120483,-0.027271270893493238,-0.02574959397315979,-0.5055738985538483,-0.03801262392846638,0.01321953535079956,-0.2584748864173889,-0.015010681144872251,0.02213597297668457,-0.3596457839012146,-0.026882618807235303,0.026075899600982666,-0.423898309469223,-0.03638097658006245,0.028249084949493408,-0.4773992598056793,-0.04431837811318928,0.05058056116104126,-0.22822672128677368,-0.02930775671450192,0.062432289123535156,-0.3054603934288025,-0.03992008059469754,0.06770974397659302,-0.3562464714050293,-0.043218866132178846,0.07037585973739624,-0.40096569061279297,-0.0461789408251434
-0.09724980592727661,-0.019578218460083008,1.351463083665294e-07,-0.06834927201271057,0.001434922218322754,-0.02064444388543052,-0.1265866458415985,-0.06514811515808105,-0.02809000279103202,-0.15830779075622559,-0.13206720352172852,-0.03386400345061702,-0.19172897934913635,-0.180222749710083,-0.03966531980131549,-0.12031996250152588,-0.17725247144699097,-0.015201211751445953,-0.15838435292243958,-0.25775831937789917,-0.029873668060645286,-0.18280181288719177,-0.3084324598312378,-0.04217115122173709,-0.20360875129699707,-0.3513208031654358,-0.051545114100918,-0.08367890119552612,-0.2057059407234192,-0.019871334389790718,-0.11345309019088745,-0.30248749256134033,-0.03167388665769977,-0.13169309496879578,-0.3645581603050232,-0.04436919543240947,-0.14663317799568176,-0.4144490957260132,-0.05369502011035365,-0.04498326778411865,-0.211611807346344,-0.02781735996995849,-0.06815323233604431,-0.31034624576568604,-0.041408781738027756,-0.08136460185050964,-0.37280184030532837,-0.052390293062671844,-0.09360530972480774,-0.4259408116340637,-0.06042230951879901,-0.006086558103561401,-0.20064258575439453,-0.03772336694692058,-0.021161794662475586,-0.27837061882019043,-0.050926298678859894,-0.03347232937812805,-0.3299935460090637,-0.05613515231107158,-0.04543063044548035,-0.3749738335609436,-0.05959450903628749
0.6005170345306396,0.9493324756622314,-1.410714389749046e-08,-0.08649343252182007,-0.02506434917449951,-0.013128417511296675,-0.15084576606750488,-0.10615944862365723,-0.01440587077738087,-0.18518683314323425,-0.18199318647384644,-0.017728444156063006,-0.22306862473487854,-0.23408663272857666,-0.02092739936412613,-0.1470373570919037,-0.22945642471313477,0.013977807047950819,-0.19179880619049072,-0.31040918827056885,0.004915453060704067,-0.21584326028823853,-0.3593423366546631,-0.006929202903819487,-0.2339089810848236,-0.40478599071502686,-0.01714128625096123,-0.11252951622009277,-0.2546084523200989,0.005814587730156973,-0.14737746119499207,-0.3569919466972351,-0.001816179337737367,-0.167741060256958,-0.4179457426071167,-0.013783276048314974,-0.1843113899230957,-0.46855199337005615,-0.023387933117163584,-0.07531246542930603,-0.2568850517272949,-0.007376283374441073,-0.09986764192581177,-0.35596418380737305,-0.017892319676292345,-0.1178421676158905,-0.42224711179733276,-0.031193461236370013,-0.13511300086975098,-0.4789012372493744,-0.04121982489229481,-0.03507733345031738,-0.2410902976989746,-0.022957831588399813,-0.052906811237335205,-0.31981223821640015,-0.03289114866853993,-0.06836298108100891,-0.37422794103622437,-0.03983025808335583,-0.08486372232437134,-0.42493700981140137,-0.04546805654169361
-0.12795519828796387,-0.03426253795623779,3.11860247848017e-07,-0.08082142472267151,-0.0162695050239563,-0.01613847511816857,-0.1460418701171875,-0.08580315113067627,-0.018370102820881584,-0.18044725060462952,-0.15559136867523193,-0.021462529627569893,-0.2167436182498932,-0.20656299591064453,-0.02420860688198445,-0.14090102910995483,-0.2031095027923584,0.0077661581244683475,-0.1852845549583435,-0.27949249744415283,-0.00462945151139138,-0.21163800358772278,-0.3245108127593994,-0.018015764383562782,-0.23388724029064178,-0.3697563409805298,-0.029081340609081963,-0.10873579978942871,-0.23370397090911865,0.001529133217445633,-0.14356142282485962,-0.33225274085998535,-0.007287972336598614,-0.1632995903491974,-0.38969844579696655,-0.019270108742603043,-0.17842060327529907,-0.4413382411003113,-0.02964645783413289,-0.07358425855636597,-0.24057024717330933,-0.009883968820759037,-0.09816756844520569,-0.337685227394104,-0.021926797656306007,-0.11609834432601929,-0.39685332775115967,-0.03225934850979684,-0.13310223817825317,-0.4506897032260895,-0.041069369493015984,-0.03477567434310913,-0.23086363077163696,-0.02396643134761689,-0.051687419414520264,-0.30826735496520996,-0.03542195606041787,-0.06550818681716919,-0.3572954535484314,-0.04068741920400498,-0.08074316382408142,-0.4026602506637573,-0.04562223303128121
0.5965894162654877,0.9365708827972412,-1.0764466651380644e-08,-0.07883569598197937,-0.00803840160369873,-0.02035232381814467,-0.14529341459274292,-0.07172465324401855,-0.024792912694749702,-0.1834770143032074,-0.1395922303199768,-0.0291433700352286,-0.22073113918304443,-0.1876455545425415,-0.03311195904308306,-0.14258712530136108,-0.18731755018234253,0.0005384530065271065,-0.18772226572036743,-0.2639957070350647,-0.013989626708564629,-0.2151804268360138,-0.3101532459259033,-0.028451797830996384,-0.2377377152442932,-0.35545259714126587,-0.04020669618540751,-0.10969704389572144,-0.22036176919937134,-0.004591618011829723,-0.14658018946647644,-0.3154861330986023,-0.01586984591477858,-0.16887012124061584,-0.37401777505874634,-0.029660730901298393,-0.18671515583992004,-0.4274269938468933,-0.040994494500694145,-0.07422754168510437,-0.22981548309326172,-0.014851917791304459,-0.10259178280830383,-0.323969304561615,-0.028916490542826523,-0.12030667066574097,-0.3808087110519409,-0.04007268631750094,-0.13721558451652527,-0.4331248998641968,-0.04905253583484637,-0.03547704219818115,-0.223982036113739,-0.02799612590962397,-0.05635899305343628,-0.29710930585861206,-0.04140068525367724,-0.07182499766349792,-0.3453376889228821,-0.04767001354986178,-0.08837437629699707,-0.3917135000228882,-0.05295180836611735
-0.13115757703781128,-0.039845287799835205,3.1907131869957084e-07,-0.07700297236442566,-0.00914853811264038,-0.019203628452459043,-0.14178237318992615,-0.07123541831970215,-0.02287838518802232,-0.17986434698104858,-0.1361393928527832,-0.026647496076265043,-0.21761414408683777,-0.18052977323532104,-0.03005485892478532,-0.14103800058364868,-0.18453598022460938,0.0028025256079047267,-0.1865399181842804,-0.2591227889060974,-0.010638166258075898,-0.214323490858078,-0.30330145359039307,-0.02453782133940763,-0.23742450773715973,-0.3464195728302002,-0.035871594252029126,-0.1095818281173706,-0.21770751476287842,-0.00259072523746795,-0.1477653980255127,-0.3104836344718933,-0.012648196930030053,-0.17059752345085144,-0.36857640743255615,-0.026059341656008428,-0.1884441077709198,-0.41970452666282654,-0.03697177678529329,-0.0738479495048523,-0.22836124897003174,-0.013094564938882058,-0.10488870739936829,-0.31990426778793335,-0.02620683893744058,-0.12377479672431946,-0.3770623803138733,-0.037425014229455655,-0.14121213555335999,-0.4287783205509186,-0.046346197875180906,-0.03441774845123291,-0.22447049617767334,-0.02639272906068868,-0.05866900086402893,-0.29686057567596436,-0.039190816732087796,-0.07476204633712769,-0.34403330087661743,-0.04514936268512315,-0.09101539850234985,-0.3889651298522949,-0.05006248042170114
0.600122332572937,0.9297902584075928,-4.106880169274518e-08,-0.07613784074783325,-0.0071541666984558105,-0.019377153835193894,-0.1417769491672516,-0.07007443904876709,-0.022751337385670922,-0.18012186884880066,-0.13719886541366577,-0.02604818763484218,-0.21855279803276062,-0.1835300326347351,-0.028775603047506593,-0.14210760593414307,-0.18387538194656372,0.0030211235834940453,-0.18743038177490234,-0.2580799460411072,-0.01013077283550956,-0.216493159532547,-0.3012596368789673,-0.023677124178902886,-0.24176570773124695,-0.3420798182487488,-0.03460495779563644,-0.11019709706306458,-0.217942476272583,-0.0019728837096408824,-0.14728385210037231,-0.31074780225753784,-0.011557043067114137,-0.17015942931175232,-0.3672557473182678,-0.02445644932140567,-0.1891886591911316,-0.41541099548339844,-0.0347876721089051,-0.07443386316299438,-0.22953999042510986,-0.012032640634970448,-0.10417011380195618,-0.3185652494430542,-0.02460656548191764,-0.1233738362789154,-0.37432003021240234,-0.03529570857335784,-0.14210844039916992,-0.42306607961654663,-0.04365174705435493,-0.03545138239860535,-0.2265194058418274,-0.024909869304792664,-0.05896902084350586,-0.2982431650161743,-0.03684053803135612,-0.07503199577331543,-0.34403353929519653,-0.0419675321345494,-0.09180611371994019,-0.3856502175331116,-0.046153175181643746
-0.0886123776435852,-0.06000727415084839,2.928559013071208e-07,-0.0766521692276001,-0.023898780345916748,-0.020635409610662236,-0.13819825649261475,-0.08963483572006226,-0.02630770239451863,-0.1706487238407135,-0.16213279962539673,-0.03173287059584595,-0.20050349831581116,-0.2200416922569275,-0.03576018135467507,-0.12712296843528748,-0.2116241455078125,0.002716551670488343,-0.16346073150634766,-0.29394006729125977,-0.010507252397331968,-0.1873602271080017,-0.3406525254249573,-0.023547802450451627,-0.2080816626548767,-0.3826151192188263,-0.033973725842628255,-0.09021279215812683,-0.23947453498840332,-0.0018826267722431567,-0.11884307861328125,-0.3361130356788635,-0.010144736947808042,-0.1359224021434784,-0.39316320419311523,-0.0213388561777208,-0.15035569667816162,-0.44107791781425476,-0.03069959055105187,-0.052504897117614746,-0.24543261528015137,-0.011692810202333703,-0.07050541043281555,-0.3387567400932312,-0.022745823817643895,-0.08246484398841858,-0.39216411113739014,-0.029733183192405477,-0.09533116221427917,-0.4382849931716919,-0.035671105938348546,-0.012477636337280273,-0.2358647584915161,-0.02463308382252194,-0.0257299542427063,-0.3089867830276489,-0.03426721911350228,-0.036645710468292236,-0.35400742292404175,-0.03575337524929978,-0.04950493574142456,-0.3936048746109009,-0.03734476711073853
0.613189697265625,0.9219897389411926,-3.359684797032969e-08,-0.07211953401565552,-0.03271186351776123,-0.017285876327463257,-0.12841159105300903,-0.10283136367797852,-0.021225430422731506,-0.15817034244537354,-0.17485487461090088,-0.025926059463330375,-0.18617048859596252,-0.23181670904159546,-0.029641628616758453,-0.11200687289237976,-0.21974503993988037,0.006722344199857844,-0.14707762002944946,-0.3030627965927124,-0.006378463355162012,-0.16959121823310852,-0.35241591930389404,-0.020406201833196747,-0.19019454717636108,-0.39617836475372314,-0.031528892346926796,-0.07587870955467224,-0.24113696813583374,0.0009865828302793034,-0.1001981794834137,-0.33998990058898926,-0.008269541316934692,-0.11588308215141296,-0.39830318093299866,-0.02058825490743743,-0.12987691164016724,-0.44499146938323975,-0.03027649445206748,-0.039280593395233154,-0.24209660291671753,-0.009764986464091407,-0.0541003942489624,-0.33643627166748047,-0.021088542768069374,-0.06533247232437134,-0.3903462886810303,-0.028442673736520874,-0.0780840516090393,-0.4364848732948303,-0.03421632421881782,-0.0009465217590332031,-0.2281927466392517,-0.02345182036728488,-0.009725570678710938,-0.3016176223754883,-0.033689732083388435,-0.01778721809387207,-0.3475034236907959,-0.03579416719944106,-0.027832865715026855,-0.38744133710861206,-0.03741630015642272
-0.07122945785522461,-0.060724616050720215,3.0463058919849573e-07,-0.0719420313835144,-0.03832000494003296,-0.01983969567368149,-0.12595582008361816,-0.11209958791732788,-0.026116306912399523,-0.15253430604934692,-0.18846482038497925,-0.03212098686049103,-0.18252623081207275,-0.2509743571281433,-0.037075842749572985,-0.1024559736251831,-0.22802972793579102,0.00033382694095962506,-0.13690033555030823,-0.31403297185897827,-0.014442435484625094,-0.15740787982940674,-0.36570486426353455,-0.029258540850378267,-0.1755433976650238,-0.41124674677848816,-0.04078492058465599,-0.06366977095603943,-0.24671590328216553,-0.004823682382948391,-0.08610084652900696,-0.34743112325668335,-0.015552017856634848,-0.09983435273170471,-0.4057825207710266,-0.029007188063360445,-0.11255252361297607,-0.45235326886177063,-0.03936434073398232,-0.025161266326904297,-0.2436862587928772,-0.014759645816184275,-0.03792691230773926,-0.3390759825706482,-0.027355699818826906,-0.047715216875076294,-0.39586567878723145,-0.03548870144436478,-0.05875062942504883,-0.44492632150650024,-0.04184918386886238,0.01446676254272461,-0.22494620084762573,-0.027519603278733484,0.008656084537506104,-0.29841935634613037,-0.03875773681352257,0.003617584705352783,-0.34639209508895874,-0.04113796634624123,-0.002634406089782715,-0.3893003761768341,-0.04285014702031731
0.6342147588729858,0.9264413118362427,-2.5158186645057867e-08,-0.07471761107444763,-0.04165196418762207,-0.019432418124011974,-0.12567955255508423,-0.12414830923080444,-0.024615464807681064,-0.14912950992584229,-0.2035226821899414,-0.029717985616258602,-0.1769084334373474,-0.26358288526535034,-0.03379342712574385,-0.09540006518363953,-0.23393112421035767,0.0020309832587770416,-0.12614336609840393,-0.3242015242576599,-0.012173480429879646,-0.14409908652305603,-0.3789716362953186,-0.026535017491511326,-0.15948563814163208,-0.4272969365119934,-0.037539322004846554,-0.05547893047332764,-0.2525249719619751,-0.0032901143014498757,-0.07357245683670044,-0.3574872612953186,-0.012589769513539295,-0.08522346615791321,-0.4195343255996704,-0.025277564377717,-0.09622931480407715,-0.46931472420692444,-0.03525996215753935,-0.017612040042877197,-0.24946337938308716,-0.013453230337432842,-0.026462078094482422,-0.3474571704864502,-0.024632459582022648,-0.03350937366485596,-0.4065212607383728,-0.032532453612617473,-0.041739702224731445,-0.45707663893699646,-0.03893519945555113,0.020081520080566406,-0.23005419969558716,-0.026524530799321155,0.016666769981384277,-0.3052924871444702,-0.0362172574561157,0.013404786586761475,-0.35424256324768066,-0.0377300643187084,0.008849799633026123,-0.39695578813552856,-0.03903878487759016
-0.05148690938949585,-0.05480855703353882,2.787677999549487e-07,-0.07124179601669312,-0.0447729229927063,-0.02017091616173161,-0.11811745166778564,-0.13842201232910156,-0.02433061256189717,-0.13830897212028503,-0.22367316484451294,-0.02803149475832356,-0.16627651453018188,-0.2856592535972595,-0.03061483084340466,-0.08601260185241699,-0.2481343150138855,0.0009119679464504316,-0.11505812406539917,-0.3411174416542053,-0.012757296032503973,-0.13330760598182678,-0.39614737033843994,-0.026475336692527662,-0.149789959192276,-0.4438679814338684,-0.03725378989358319,-0.04594886302947998,-0.262474000453949,-0.004041220817015301,-0.060714006423950195,-0.3688661456108093,-0.01366692251642121,-0.0709763765335083,-0.43270209431648254,-0.026633026368216406,-0.08073735237121582,-0.4835745692253113,-0.03670093073625935,-0.008070886135101318,-0.25418418645858765,-0.013855527444974314,-0.01239919662475586,-0.35204392671585083,-0.026337243906453978,-0.01689678430557251,-0.41240471601486206,-0.03587685554404629,-0.02329152822494507,-0.4650645852088928,-0.043256514064268003,0.02983492612838745,-0.22958332300186157,-0.026481846637324225,0.03090035915374756,-0.305026113986969,-0.038120135954812895,0.029096484184265137,-0.3546826243400574,-0.04138565464992894,0.024958789348602295,-0.39908987283706665,-0.04383585258503331
0.6523951888084412,0.9326552748680115,-8.071040724644263e-08,-0.0670357346534729,-0.055183589458465576,-0.014816154411533944,-0.11084142327308655,-0.15371477603912354,-0.01712658876786577,-0.13162317872047424,-0.2362496256828308,-0.020234374946454636,-0.16063213348388672,-0.29146742820739746,-0.02287546606967794,-0.07210201025009155,-0.2560405135154724,0.004090247990092166,-0.09774446487426758,-0.34900569915771484,-0.009650113678077332,-0.11451837420463562,-0.4044750928878784,-0.023514513543346993,-0.12904274463653564,-0.4528440833091736,-0.03451160403201925,-0.032430410385131836,-0.2678787112236023,-0.0036522754584495942,-0.04399681091308594,-0.3745368719100952,-0.013845516054431073,-0.05299609899520874,-0.438972145318985,-0.026791461429098717,-0.06208068132400513,-0.49089446663856506,-0.03681735756109106,0.005314648151397705,-0.2576773166656494,-0.015743906295398347,0.004869580268859863,-0.35643547773361206,-0.02790229084203588,0.0014328956604003906,-0.41746652126312256,-0.03682842167327749,-0.004781663417816162,-0.4706723093986511,-0.04398154156515943,0.0427665114402771,-0.23013240098953247,-0.030282656347850434,0.048609256744384766,-0.3047853708267212,-0.04101771550486433,0.04779863357543945,-0.35477733612060547,-0.04362846227596151,0.04353940486907959,-0.39886873960494995,-0.04587526681135046
-0.000732123851776123,-0.008685469627380371,3.417652010284655e-07,-0.05616569519042969,-0.07216000556945801,-0.023390410752455182,-0.08794236183166504,-0.1841098666191101,-0.029318969981233067,-0.09385108947753906,-0.2774391174316406,-0.0342271330817141,-0.1033240556716919,-0.3516502380371094,-0.03798036678270478,-0.03261899948120117,-0.2810172438621521,-0.007861456186930127,-0.037696242332458496,-0.3868980407714844,-0.023407040448347516,-0.04053574800491333,-0.4488794803619385,-0.03702273248271126,-0.04102146625518799,-0.5042843818664551,-0.04788743360475678,0.012435972690582275,-0.28367453813552856,-0.012799169221381135,0.020144224166870117,-0.39740926027297974,-0.02492290949956555,0.02628427743911743,-0.4664168357849121,-0.03949647425250191,0.03136402368545532,-0.5245021283626556,-0.05083679063753266,0.051770687103271484,-0.26186931133270264,-0.022292064787308163,0.07327687740325928,-0.3643673062324524,-0.0383760708434977,0.08542847633361816,-0.4282892942428589,-0.05023348359898705,0.09247726202011108,-0.4818275272846222,-0.058899153308431096,0.08730208873748779,-0.22338485717773438,-0.0345419908924498,0.1102294921875,-0.2969534993171692,-0.04931902913884301,0.12431037425994873,-0.34675371646881104,-0.054459523694077916,0.1342388391494751,-0.39091479778289795,-0.05802250681952614
0.6667319536209106,0.9350833296775818,-4.217454829813505e-08,-0.06180816888809204,-0.07117456197738647,-0.023466203066533353,-0.09079724550247192,-0.18402600288391113,-0.029168840202515867,-0.09109681844711304,-0.2774043083190918,-0.03383773722035244,-0.09752547740936279,-0.3510374426841736,-0.0369823516188319,-0.034751296043395996,-0.2803899645805359,-0.003235118634080436,-0.040589213371276855,-0.3843432068824768,-0.018717441412633207,-0.04427236318588257,-0.4472498297691345,-0.033388478386228826,-0.044575393199920654,-0.5030992925167084,-0.04477336041910007,0.01191633939743042,-0.28127437829971313,-0.006971661171888854,0.02163296937942505,-0.39304912090301514,-0.01701794535202339,0.02766287326812744,-0.4625648856163025,-0.029437862041419294,0.03323107957839966,-0.5203850269317627,-0.03961076744181469,0.05137503147125244,-0.25898170471191406,-0.01592156447750881,0.06974434852600098,-0.3598858714103699,-0.028511207255547788,0.07958090305328369,-0.42329418659210205,-0.03793975122553661,0.08594590425491333,-0.47872796654701233,-0.04580670379382923,0.08619815111160278,-0.2185160517692566,-0.028101365718072202,0.10826778411865234,-0.28999829292297363,-0.04001795657259777,0.1198076605796814,-0.3404107689857483,-0.04421850078088596,0.12769538164138794,-0.3871334195137024,-0.04766395472270801
-0.00029218196868896484,-0.003406822681427002,3.8252639456004545e-07,-0.05847138166427612,-0.07065051794052124,-0.02450511367061381,-0.08749699592590332,-0.18190115690231323,-0.03102252767422442,-0.09096735715866089,-0.2748008370399475,-0.036294092843320414,-0.09847038984298706,-0.34930264949798584,-0.03996816785075907,-0.02965027093887329,-0.28182828426361084,-0.003671427676465555,-0.03606945276260376,-0.384707510471344,-0.020014263177301927,-0.03935331106185913,-0.447171151638031,-0.03540383414366488,-0.03755265474319458,-0.502691388130188,-0.047195231029775186,0.016859114170074463,-0.28227412700653076,-0.007073908997710987,0.02560102939605713,-0.39419490098953247,-0.0172675023321176,0.03235483169555664,-0.46412545442581177,-0.029646582389261766,0.04034125804901123,-0.5221531093120575,-0.039751538494613214,0.056118667125701904,-0.2585524320602417,-0.01592493006029372,0.07464611530303955,-0.3591402769088745,-0.02869479120710139,0.0867500901222229,-0.42243778705596924,-0.03792823986151461,0.09666174650192261,-0.477383553981781,-0.045543482014920755,0.09026890993118286,-0.21645766496658325,-0.028101264918234392,0.11292600631713867,-0.2869647741317749,-0.03968777642586474,0.12625151872634888,-0.3352773189544678,-0.04342607543804888,0.13704121112823486,-0.38040691614151,-0.04646600172856097
0.6646206378936768,0.9382815361022949,-5.3353403473010985e-08,-0.059123337268829346,-0.07018530368804932,-0.025841775766394903,-0.08762651681900024,-0.18070310354232788,-0.03332455591001349,-0.08941680192947388,-0.27459716796875,-0.03928957269229727,-0.09717577695846558,-0.35084015130996704,-0.04379774764814215,-0.030429422855377197,-0.28231483697891235,-0.004644338923327496,-0.036174654960632324,-0.3844553232192993,-0.021862014612935354,-0.03872239589691162,-0.44707775115966797,-0.038102546191595366,-0.036946892738342285,-0.5032143890857697,-0.05054123089351492,0.017278075218200684,-0.2834600806236267,-0.007849508381269743,0.02623915672302246,-0.3958621621131897,-0.01964444056787329,0.03205001354217529,-0.4651044011116028,-0.03355069220700102,0.03825289011001587,-0.5238528549671173,-0.044673030680797865,0.05682557821273804,-0.26082485914230347,-0.01653125644364195,0.07469385862350464,-0.36110836267471313,-0.030847859985016157,0.0856660008430481,-0.4251605272293091,-0.0413409633997901,0.09412544965744019,-0.4822070002555847,-0.049742744720362,0.09092551469802856,-0.2202199101448059,-0.028551082542918493,0.1132805347442627,-0.2927088141441345,-0.0412288247112258,0.12689882516860962,-0.34121716022491455,-0.045672894871614744,0.13784503936767578,-0.3870500326156616,-0.049231947815798094
-0.009168922901153564,-0.0050934553146362305,3.684996556785336e-07,-0.05805861949920654,-0.07127958536148071,-0.02387699334482818,-0.08593839406967163,-0.1822243332862854,-0.030626934380933335,-0.08761346340179443,-0.27423733472824097,-0.036321809874579,-0.09304463863372803,-0.3482781648635864,-0.04083156435351043,-0.02821439504623413,-0.2807706594467163,-0.003670101413234761,-0.03410559892654419,-0.383713960647583,-0.020884033651753953,-0.0362238883972168,-0.4463317394256592,-0.03685982375006347,-0.03387206792831421,-0.5023780167102814,-0.0491108655796495,0.01895076036453247,-0.28142595291137695,-0.008044074648722699,0.028090298175811768,-0.3951207399368286,-0.01998689434091716,0.03532689809799194,-0.46374180912971497,-0.03373724444369941,0.04337853193283081,-0.5220429003238678,-0.04469196348051696,0.05836087465286255,-0.25876402854919434,-0.01773665881316333,0.07644212245941162,-0.36119741201400757,-0.03263664840321212,0.08790630102157593,-0.425437867641449,-0.04343107937435775,0.09693819284439087,-0.4824506640434265,-0.05194024591307311,0.09269481897354126,-0.21752488613128662,-0.030534264059468796,0.1134762167930603,-0.2915419936180115,-0.044137819098040154,0.12643790245056152,-0.3402012586593628,-0.049089147137209466,0.13675642013549805,-0.38584136962890625,-0.052971588806911996
0.6130573749542236,0.938105583190918,-6.47859508262627e-08,-0.062358736991882324,-0.068240225315094,-0.019286928800966052,-0.09706658124923706,-0.1753273606300354,-0.024433389408613948,-0.1052708625793457,-0.26474446058273315,-0.02969083572747877,-0.11741885542869568,-0.3353102207183838,-0.034085190026189593,-0.049355924129486084,-0.28081202507019043,0.0032418844195944985,-0.06122434139251709,-0.38068675994873047,-0.01102444353523424,-0.06697821617126465,-0.4418000280857086,-0.02594191963794401,-0.06868940591812134,-0.49443718791007996,-0.037469150601054935,-0.0036415457725524902,-0.2852044105529785,-0.0027989199013518373,0.0017769932746887207,-0.3985828161239624,-0.012684616362776069,0.005083024501800537,-0.4674227833747864,-0.02558994862260988,0.007471621036529541,-0.5250070989131927,-0.03602466556253603,0.03688085079193115,-0.26709675788879395,-0.014087322270597724,0.0515214204788208,-0.3689497709274292,-0.02544015283706358,0.05934053659439087,-0.4338546097278595,-0.036362042753125934,0.06329244375228882,-0.4908282160758972,-0.04553261595788172,0.07355058193206787,-0.23104941844940186,-0.028268635375525264,0.09065181016921997,-0.3068031072616577,-0.038389863548900394,0.09954440593719482,-0.35733741521835327,-0.04297651174488237,0.10527849197387695,-0.4045572876930237,-0.04710246819081476
-0.034081876277923584,-0.010356247425079346,3.4516398272899096e-07,-0.0651654601097107,-0.06165367364883423,-0.018375151840615445,-0.10099780559539795,-0.17084962129592896,-0.021094895017910176,-0.10804092884063721,-0.2622987627983093,-0.023926184562611752,-0.1274200677871704,-0.3276653289794922,-0.02632741728203314,-0.0555151104927063,-0.27232927083969116,0.0024355935830442377,-0.0702088475227356,-0.37291252613067627,-0.012101802093553715,-0.07869064807891846,-0.43364208936691284,-0.02673608535306471,-0.0838354229927063,-0.4872994124889374,-0.03808312216179388,-0.010594308376312256,-0.28073394298553467,-0.003539534801262789,-0.009254217147827148,-0.39446210861206055,-0.01376934540795105,-0.009079217910766602,-0.46454697847366333,-0.02689870172517317,-0.008994698524475098,-0.5222398936748505,-0.03744869777338522,0.02892887592315674,-0.26500165462493896,-0.014473423411715203,0.04010796546936035,-0.3679012656211853,-0.027293137324619465,0.044644296169281006,-0.43465936183929443,-0.03844654658215063,0.04615753889083862,-0.49401038885116577,-0.04757027053611296,0.06519806385040283,-0.23183584213256836,-0.028126317126321965,0.08052653074264526,-0.3091738820075989,-0.040652399001288586,0.08713644742965698,-0.3609650135040283,-0.045919396964478665,0.09093707799911499,-0.4090833067893982,-0.050325793264079266
0.5683990120887756,0.9361081123352051,-6.463690738200967e-08,-0.07728344202041626,-0.053052663803100586,-0.018416478497584876,-0.12651169300079346,-0.14438050985336304,-0.022678530973990974,-0.14007461071014404,-0.22972071170806885,-0.02737187707205635,-0.16083654761314392,-0.29113131761550903,-0.03160107993861061,-0.09266608953475952,-0.26027143001556396,0.003428868750432912,-0.1172163188457489,-0.3576427698135376,-0.010171283235450801,-0.13204586505889893,-0.41940051317214966,-0.024555738282998618,-0.14409303665161133,-0.4739329218864441,-0.03592208140869957,-0.05008786916732788,-0.2744259238243103,-0.0028618478343389597,-0.061515092849731445,-0.38655251264572144,-0.012991154765387591,-0.06953072547912598,-0.4547131657600403,-0.025903987897237357,-0.07644683122634888,-0.5104690790176392,-0.03620192521592003,-0.010454654693603516,-0.2662851810455322,-0.01424545628358942,-0.01206129789352417,-0.37017953395843506,-0.02557538190265518,-0.012911558151245117,-0.4349750876426697,-0.03641496339221817,-0.014972269535064697,-0.4905482828617096,-0.045304668334921416,0.029162943363189697,-0.24078041315078735,-0.028630589333971557,0.032630741596221924,-0.3209514617919922,-0.038665910450419005,0.03330397605895996,-0.37269484996795654,-0.043309086201389846,0.032055020332336426,-0.4196919798851013,-0.047352669028242644
-0.07342121005058289,-0.010261595249176025,3.958556931138446e-07,-0.0804390013217926,-0.031786561012268066,-0.022605448629207103,-0.1357937753200531,-0.11802184581756592,-0.02859549936229655,-0.15860781073570251,-0.20335209369659424,-0.033873237337417095,-0.1897347867488861,-0.2587530016899109,-0.03841626983458468,-0.112688809633255,-0.24387669563293457,0.0002501407408033174,-0.14273902773857117,-0.33686429262161255,-0.013525975536055057,-0.16163009405136108,-0.39328432083129883,-0.0285201758551068,-0.17714136838912964,-0.44521456956863403,-0.040721963759011715,-0.07274672389030457,-0.2655412554740906,-0.0037271635546005655,-0.08819064497947693,-0.37298524379730225,-0.01334647056037852,-0.09834808111190796,-0.4373359680175781,-0.02689170059139201,-0.10775235295295715,-0.4937610924243927,-0.038346286531037777,-0.03367367386817932,-0.263110876083374,-0.012934274639434307,-0.03927627205848694,-0.3641337752342224,-0.02431160364622542,-0.045032888650894165,-0.42543309926986694,-0.03525242921287486,-0.05356818437576294,-0.47983819246292114,-0.044615547771996944,0.006346374750137329,-0.24362528324127197,-0.025397242646164386,0.0056791603565216064,-0.3220207691192627,-0.036441921855754345,0.0015845894813537598,-0.3732559084892273,-0.04219062593156764,-0.004929989576339722,-0.4216371178627014,-0.04715921696598002
0.5488303601741791,0.9361250400543213,-1.1844269920402439e-07,-0.0769643783569336,-0.028654277324676514,-0.013608311181826593,-0.131776362657547,-0.11448550224304199,-0.01592180865810633,-0.15391665697097778,-0.1966230869293213,-0.01891294295893431,-0.1844242811203003,-0.2552635669708252,-0.021619031084640028,-0.1178429126739502,-0.23232728242874146,0.0034582488053160887,-0.15040302276611328,-0.3212270140647888,-0.008667712910039427,-0.16948094964027405,-0.37409257888793945,-0.02097776892588854,-0.1844463050365448,-0.4224911332130432,-0.030917111663086416,-0.07903450727462769,-0.2575046420097351,-0.004237437033964397,-0.10124370455741882,-0.3644252419471741,-0.012169097429080011,-0.11472132802009583,-0.426937997341156,-0.023002557335360052,-0.12492716312408447,-0.4788700342178345,-0.03229265089140654,-0.040184199810028076,-0.2584461569786072,-0.01605785253451586,-0.05182689428329468,-0.36347144842147827,-0.02618459786282301,-0.059614330530166626,-0.4263702630996704,-0.03437789703713179,-0.06777527928352356,-0.4814508855342865,-0.041804334027631285,-0.0007981359958648682,-0.23983031511306763,-0.030216110749108793,-0.006291419267654419,-0.3218110203742981,-0.04033839504228354,-0.011719226837158203,-0.37515270709991455,-0.04384446690784216,-0.01900625228881836,-0.42239469289779663,-0.04717340494499922
-0.08451512455940247,-0.006785988807678223,3.775633956593083e-07,-0.0766693651676178,-0.023884236812591553,-0.016889391679995924,-0.1388225257396698,-0.10928547382354736,-0.019665757407182127,-0.16682931780815125,-0.18866175413131714,-0.022876678247683913,-0.19864803552627563,-0.24678176641464233,-0.025642948438161284,-0.12279555201530457,-0.22682887315750122,0.002050353233954638,-0.16012799739837646,-0.3110694885253906,-0.012303603094750315,-0.18294671177864075,-0.36216920614242554,-0.026596520309084326,-0.20179876685142517,-0.4110221266746521,-0.03836247159981099,-0.0867566466331482,-0.2525123357772827,-0.0051910334534284175,-0.1138664186000824,-0.35682469606399536,-0.015918247614735037,-0.12900638580322266,-0.42060261964797974,-0.028657796074384123,-0.14086002111434937,-0.4763750731945038,-0.03920259534262982,-0.049432188272476196,-0.2530316114425659,-0.01719987972521153,-0.06786343455314636,-0.3554324507713318,-0.030998900745743185,-0.07948306202888489,-0.4200183153152466,-0.041730677922004134,-0.09148454666137695,-0.4778324067592621,-0.05053646697544423,-0.009840458631515503,-0.23469752073287964,-0.031791439492934614,-0.02060765027999878,-0.3148750066757202,-0.04563085197352734,-0.03043004870414734,-0.36839544773101807,-0.05187836869501439,-0.042081356048583984,-0.41696077585220337,-0.05716817288541165
0.5376496315002441,0.9391849637031555,-1.0595024946269405e-07,-0.07673826813697815,-0.008213639259338379,-0.017915229911352526,-0.14507979154586792,-0.09192824363708496,-0.017863055358077418,-0.17771238088607788,-0.1701156497001648,-0.01815236512794627,-0.21468965709209442,-0.22120130062103271,-0.017884466464067827,-0.13909441232681274,-0.2152308225631714,0.008256528859590162,-0.18073466420173645,-0.296578049659729,-0.0016521155064879167,-0.20655065774917603,-0.34580641984939575,-0.014245491141821276,-0.2283989042043686,-0.3918704390525818,-0.0253270656265272,-0.10500302910804749,-0.24389731884002686,0.0028362789727793825,-0.13862451910972595,-0.34554624557495117,-0.003938186580683123,-0.15904662013053894,-0.40813159942626953,-0.015774257148052584,-0.17523524165153503,-0.4603942632675171,-0.026082394311572443,-0.06836852431297302,-0.24651330709457397,-0.007893306801463496,-0.09378135204315186,-0.3470502495765686,-0.01844363067522181,-0.10934409499168396,-0.409743070602417,-0.029898522088672053,-0.1240198016166687,-0.46372100710868835,-0.039782263005520235,-0.029428929090499878,-0.233165442943573,-0.02151268687322272,-0.04754263162612915,-0.3134450912475586,-0.033380835915352236,-0.060298651456832886,-0.36506593227386475,-0.04022350128963126,-0.07345932722091675,-0.41282594203948975,-0.04646959867551459
-0.08107969164848328,-0.008251965045928955,3.693062922138779e-07,-0.07994672656059265,-0.015446007251739502,-0.015656501777840504,-0.14435142278671265,-0.09645134210586548,-0.015225701757145771,-0.17688563466072083,-0.17467433214187622,-0.01570589540190781,-0.21179071068763733,-0.227361798286438,-0.015906722076607593,-0.1358948051929474,-0.21746069192886353,0.00978501534424936,-0.17647698521614075,-0.3018829822540283,-0.0012400382211410488,-0.20416978001594543,-0.3508983850479126,-0.014195631049943813,-0.22849640250205994,-0.3961089849472046,-0.025269175671411404,-0.10148146748542786,-0.24515122175216675,0.002505455840008608,-0.13346678018569946,-0.34684449434280396,-0.005233887374771484,-0.15302139520645142,-0.40919995307922363,-0.01804901918060864,-0.1689716875553131,-0.46262219548225403,-0.028788427614045986,-0.06475308537483215,-0.24869006872177124,-0.009953812487793812,-0.08903264999389648,-0.3483429551124573,-0.021192635201288113,-0.10412570834159851,-0.40978139638900757,-0.03182060902602757,-0.11919111013412476,-0.4631910026073456,-0.040905824654174694,-0.02535995841026306,-0.23573362827301025,-0.025165769063306698,-0.04233101010322571,-0.31319504976272583,-0.036711322866750606,-0.05506771802902222,-0.3645132780075073,-0.04199167972095097,-0.06878066062927246,-0.4120510220527649,-0.0468766044605502
0.5462610125541687,0.932868242263794,-1.4310001006379025e-07,-0.07782372832298279,-0.01906263828277588,-0.01459608309636451,-0.14040565490722656,-0.09907370805740356,-0.015865656442144882,-0.1719876229763031,-0.17675477266311646,-0.018099757737616073,-0.20655885338783264,-0.23340624570846558,-0.02020664409468509,-0.13045015931129456,-0.21715182065963745,0.004749919392963875,-0.1718514859676361,-0.29766416549682617,-0.00890850172112323,-0.19927272200584412,-0.347220778465271,-0.02278106183479167,-0.22188957035541534,-0.3933261036872864,-0.03424828395912982,-0.09682124853134155,-0.24460572004318237,-0.0032977495688442104,-0.12830385565757751,-0.3461446762084961,-0.01348895941595174,-0.14704817533493042,-0.4082925319671631,-0.026093182048896324,-0.16215872764587402,-0.4617452919483185,-0.03634958610604144,-0.060300588607788086,-0.2482461929321289,-0.016000212065080177,-0.08355444669723511,-0.34775298833847046,-0.028881152055362236,-0.09913599491119385,-0.4071534276008606,-0.03833944246838428,-0.11520293354988098,-0.45988643169403076,-0.04631721124718524,-0.020331770181655884,-0.23374325037002563,-0.03126892716358043,-0.03434523940086365,-0.3099058270454407,-0.044151953316429626,-0.04739886522293091,-0.36168718338012695,-0.04923735827873088,-0.0628308355808258,-0.4083598256111145,-0.05360575289199687
-0.0724949836730957,-0.013224244117736816,3.8172282756931963e-07,-0.07729429006576538,-0.025303184986114502,-0.01337115393886279,-0.13525059819221497,-0.10520154237747192,-0.016266526858601082,-0.16272318363189697,-0.18284940719604492,-0.020105539094004143,-0.19513598084449768,-0.2388285994529724,-0.023388071189913262,-0.12550589442253113,-0.22572386264801025,0.0030644927459775317,-0.16240406036376953,-0.30975306034088135,-0.01081737896362256,-0.18588560819625854,-0.3598017692565918,-0.024821231345924843,-0.2053292691707611,-0.40540605783462524,-0.03586073985258054,-0.0900399386882782,-0.2511596083641052,-0.005553852970990647,-0.11942872405052185,-0.3528934121131897,-0.015471410210523118,-0.13688859343528748,-0.4135463237762451,-0.027454065363201607,-0.1511526107788086,-0.46492233872413635,-0.03700466101923894,-0.0521523654460907,-0.253604531288147,-0.018313385750445832,-0.07273510098457336,-0.35482901334762573,-0.02948434857586335,-0.08617165684700012,-0.41478776931762695,-0.036625646258983124,-0.09995603561401367,-0.46674612164497375,-0.042856920714768876,-0.011367499828338623,-0.2365105152130127,-0.03363300135293912,-0.023397862911224365,-0.3151407241821289,-0.044090394134912,-0.03507339954376221,-0.3677510619163513,-0.04652134349504422,-0.048608988523483276,-0.41347169876098633,-0.04858997484603833
0.5611134171485901,0.9276910424232483,-9.912031373460195e-08,-0.07934725284576416,-0.026798546314239502,-0.017567501815165087,-0.13522681593894958,-0.10880917310714722,-0.02217065677245955,-0.15989640355110168,-0.19017904996871948,-0.02725443192025523,-0.190546452999115,-0.2453165054321289,-0.03155197523733477,-0.12274599075317383,-0.22849804162979126,0.0035701299159427435,-0.1581820249557495,-0.31320226192474365,-0.010849032962823912,-0.1796886920928955,-0.36399704217910767,-0.025713690968359515,-0.19681280851364136,-0.41062623262405396,-0.037321246640885875,-0.08422079682350159,-0.2532697319984436,-0.003119932666550085,-0.10928124189376831,-0.35742855072021484,-0.012758510599041983,-0.1246766746044159,-0.41856372356414795,-0.025243257584179446,-0.1371396780014038,-0.4694150388240814,-0.03526816837688784,-0.04481634497642517,-0.2541062831878662,-0.014626305962110564,-0.06222271919250488,-0.35656875371932983,-0.025950813146437213,-0.07458269596099854,-0.41562947630882263,-0.033209099846089885,-0.0867135226726532,-0.46704158186912537,-0.039489570485557124,-0.0035269856452941895,-0.2364460825920105,-0.02908885427018504,-0.011550158262252808,-0.3154726028442383,-0.039725355284417674,-0.020668357610702515,-0.366852343082428,-0.041957545505965754,-0.03166168928146362,-0.4118261933326721,-0.043837308364118144
-0.010197997093200684,0.0004190802574157715,3.913808654942841e-07,-0.07060879468917847,-0.06169825792312622,-0.022490951989198038,-0.12120160460472107,-0.1548612117767334,-0.029539426613951036,-0.1439715325832367,-0.24149823188781738,-0.036493634630346605,-0.16261574625968933,-0.3163527250289917,-0.04179444705357582,-0.08182382583618164,-0.2624255418777466,-0.00046536064462543436,-0.10606968402862549,-0.36491960287094116,-0.015641791571283647,-0.1204327642917633,-0.42535853385925293,-0.02981305477430851,-0.13248813152313232,-0.479512095451355,-0.04082571883907349,-0.04084235429763794,-0.27771055698394775,-0.005269362416470358,-0.05106130242347717,-0.39014488458633423,-0.015341240737939188,-0.0578344464302063,-0.45738810300827026,-0.028440426860356638,-0.06465208530426025,-0.514882355928421,-0.03907825221529038,-0.00104522705078125,-0.26971662044525146,-0.015294656914079496,0.00182342529296875,-0.37275755405426025,-0.0281892323981765,0.0005821585655212402,-0.43596774339675903,-0.03737497871031792,-0.0033497214317321777,-0.4879794418811798,-0.04454789479484589,0.03825479745864868,-0.24422848224639893,-0.02851521578838856,0.04591554403305054,-0.3210349678993225,-0.03937422280421288,0.04884237051010132,-0.3714057207107544,-0.041894206602478334,0.048857033252716064,-0.4137042760848999,-0.04400284012069733
0.5825864672660828,0.917358934879303,-1.0156483654100157e-07,-0.06944859027862549,-0.06500911712646484,-0.020119630906350494,-0.11007946729660034,-0.1630152463912964,-0.02572910970783937,-0.125613272190094,-0.25088340044021606,-0.03156550897992361,-0.14492756128311157,-0.32165414094924927,-0.03620750753916013,-0.06810528039932251,-0.2665000557899475,0.003700657805808305,-0.08990374207496643,-0.3661367893218994,-0.011225864465899349,-0.10483524203300476,-0.42506441473960876,-0.026412178936965347,-0.11788511276245117,-0.47827693819999695,-0.038271336990959526,-0.02494269609451294,-0.27503907680511475,-0.0018426218885849721,-0.031247317790985107,-0.38895779848098755,-0.012329966935880066,-0.03718841075897217,-0.4563571512699127,-0.02620118780768621,-0.04356527328491211,-0.5124473571777344,-0.03715542255676496,0.014529705047607422,-0.2621479034423828,-0.012459445919461132,0.017026960849761963,-0.3648286461830139,-0.025287608790762306,0.015817105770111084,-0.4295720160007477,-0.03393220453298795,0.011879146099090576,-0.4862917959690094,-0.040797419089443565,0.05290299654006958,-0.2335847020149231,-0.026073024782903076,0.059802472591400146,-0.3120548129081726,-0.03739985002911794,0.06150180101394653,-0.36411845684051514,-0.03946107550299871,0.05959254503250122,-0.41063392162323,-0.041091366845734
0.015633702278137207,0.001949906349182129,3.31314836898855e-07,-0.0669395923614502,-0.06118053197860718,-0.017267816413365722,-0.10626387596130371,-0.16915571689605713,-0.02008691494556558,-0.12121772766113281,-0.25976723432540894,-0.023386464167558074,-0.14690330624580383,-0.32198697328567505,-0.025917385418139816,-0.06102544069290161,-0.2716968059539795,0.0038011994285653827,-0.082516610622406,-0.3720787763595581,-0.010598600555383086,-0.09644776582717896,-0.4323290288448334,-0.025023723665796638,-0.1080484390258789,-0.48574599623680115,-0.036605856094681144,-0.01909315586090088,-0.2799220085144043,-0.0034148361926753523,-0.024519026279449463,-0.39193040132522583,-0.014160254683517337,-0.028961181640625,-0.4598579704761505,-0.02806268883141172,-0.03419816493988037,-0.5149502456188202,-0.03898766142519605,0.01871258020401001,-0.2650045156478882,-0.015333655003630042,0.025027573108673096,-0.3668164610862732,-0.028462604332887054,0.025644242763519287,-0.4313788414001465,-0.03867844742926252,0.02274775505065918,-0.48744168877601624,-0.046918446842752815,0.05454707145690918,-0.2324194312095642,-0.02992706624063146,0.0660887360572815,-0.30709606409072876,-0.042371763561092735,0.07087326049804688,-0.3595167398452759,-0.04653204855712545,0.07285410165786743,-0.4068508744239807,-0.04987958696874273
0.600852906703949,0.9184023141860962,-5.087007082238415e-08,-0.06411802768707275,-0.06448686122894287,-0.01994949497773746,-0.10420751571655273,-0.1673833131790161,-0.025619984721089395,-0.1158875823020935,-0.2573557496070862,-0.031209404696966203,-0.12967073917388916,-0.33243846893310547,-0.03553174913420776,-0.05631303787231445,-0.27237778902053833,-0.0015800837429935655,-0.07272183895111084,-0.37458622455596924,-0.01794940151765445,-0.08254295587539673,-0.4348936676979065,-0.03337461233630279,-0.09011679887771606,-0.48930925130844116,-0.04519735381498435,-0.011714041233062744,-0.2791512608528137,-0.007861727965320142,-0.012324035167694092,-0.39328598976135254,-0.01938079588606456,-0.013345479965209961,-0.46283233165740967,-0.03322795138254264,-0.01541072130203247,-0.5198772847652435,-0.044177093659783395,0.028256714344024658,-0.2617536187171936,-0.0189432866175423,0.03955113887786865,-0.3649126887321472,-0.03247945860519508,0.04334300756454468,-0.4303937554359436,-0.041805227403784784,0.04312509298324585,-0.4864792227745056,-0.04923609376444915,0.06563496589660645,-0.2259085774421692,-0.03283716097965339,0.08090585470199585,-0.3025897741317749,-0.04534480825557807,0.08680278062820435,-0.3560009002685547,-0.0486113290537844,0.08849608898162842,-0.4029322862625122,-0.05099391669526199
0.03513956069946289,0.003965973854064941,3.305756166582796e-07,-0.06495213508605957,-0.06412136554718018,-0.02128814377965682,-0.10397350788116455,-0.17056846618652344,-0.026807148318312102,-0.1121361255645752,-0.26322394609451294,-0.03174606741549724,-0.1260385513305664,-0.3369132876396179,-0.035507288138887816,-0.05267941951751709,-0.2741163969039917,-0.003791415441355639,-0.06724274158477783,-0.3772580027580261,-0.02030700662317031,-0.07508426904678345,-0.4388792812824249,-0.035650793771765166,-0.08013790845870972,-0.4940107464790344,-0.04755364016773456,-0.006535887718200684,-0.2801392674446106,-0.00956037392052167,-0.005345940589904785,-0.39429354667663574,-0.021323850687167578,-0.004881441593170166,-0.4635871648788452,-0.035366233747026854,-0.005270242691040039,-0.5209796726703644,-0.046554100077173644,0.033955395221710205,-0.2621190547943115,-0.020130792941472464,0.04695737361907959,-0.366005539894104,-0.034411829273722105,0.05399066209793091,-0.43054136633872986,-0.04444185302736514,0.05752873420715332,-0.48649537563323975,-0.05247968093635791,0.07102125883102417,-0.2250462770462036,-0.03352301226141208,0.08762896060943604,-0.29930955171585083,-0.04694781110765689,0.0960504412651062,-0.3504517078399658,-0.05086632103802913,0.10083508491516113,-0.3962363600730896,-0.05384443731190913
0.6479929685592651,0.9331080913543701,-7.333868268233346e-08,-0.057002365589141846,-0.07251834869384766,-0.020755803404426842,-0.08552670478820801,-0.1852322816848755,-0.026044476969218522,-0.08917540311813354,-0.27790331840515137,-0.03112568166670826,-0.09786409139633179,-0.3517042398452759,-0.03503518198249367,-0.031314313411712646,-0.2878645062446594,-0.0020948100891473587,-0.03925281763076782,-0.3911397457122803,-0.018439410446262627,-0.043861567974090576,-0.45308300852775574,-0.03345737625477341,-0.044458866119384766,-0.5084637403488159,-0.04544946570513275,0.014545619487762451,-0.29070937633514404,-0.008763043401813775,0.02145940065383911,-0.4028380513191223,-0.020456453977203637,0.025640010833740234,-0.47216248512268066,-0.034907888812995225,0.030196845531463623,-0.5304073989391327,-0.04646480847713974,0.054189443588256836,-0.2677572965621948,-0.02023161035594967,0.07438802719116211,-0.3698510527610779,-0.03519854341266182,0.08599966764450073,-0.43196427822113037,-0.046306930674290925,0.09394210577011108,-0.4862644672393799,-0.05513807405350235,0.08978092670440674,-0.22545969486236572,-0.03447598238108185,0.11235791444778442,-0.29802775382995605,-0.04860457424638298,0.12455826997756958,-0.34660613536834717,-0.05309100468275574,0.13313323259353638,-0.391149640083313,-0.05655308086988953
0.04561644792556763,0.0029183626174926758,4.0221566166565026e-07,-0.05858945846557617,-0.07266825437545776,-0.024833518200523486,-0.08593708276748657,-0.18409699201583862,-0.030866741322881808,-0.08697748184204102,-0.2777540683746338,-0.03569878370404922,-0.09424060583114624,-0.3514135479927063,-0.038842612066275706,-0.032493650913238525,-0.2824079990386963,-0.0022394364969500202,-0.03878134489059448,-0.38707971572875977,-0.017264402591592898,-0.04264640808105469,-0.44999805092811584,-0.03191860497832977,-0.04166287183761597,-0.506573349237442,-0.043276020445830454,0.015104353427886963,-0.28503990173339844,-0.005147720807201495,0.02439570426940918,-0.3984864354133606,-0.014140634917623629,0.03002297878265381,-0.4701203405857086,-0.02636197873295032,0.03579878807067871,-0.5296122133731842,-0.0365915942275592,0.05574238300323486,-0.2632160186767578,-0.01357924391419374,0.07610267400741577,-0.36346006393432617,-0.025156009131080737,0.08729368448257446,-0.42752933502197266,-0.034677931227690806,0.09501016139984131,-0.482877254486084,-0.04268861667156898,0.09132653474807739,-0.22317224740982056,-0.02546240867019378,0.1142764687538147,-0.2950358986854553,-0.03609703586340629,0.12669986486434937,-0.34543025493621826,-0.03988528729320251,0.13605427742004395,-0.39225155115127563,-0.04316849366665565
0.6537342071533203,0.9336007237434387,-6.342106928514113e-08,-0.05671191215515137,-0.07377296686172485,-0.02607104720354414,-0.08445453643798828,-0.18412929773330688,-0.03290618935406542,-0.08833521604537964,-0.27699875831604004,-0.03846300745189524,-0.09489178657531738,-0.3519384264945984,-0.04230485463321543,-0.029491961002349854,-0.2830440402030945,-0.0027565418536994457,-0.03636050224304199,-0.38662081956863403,-0.01925715038359499,-0.04037731885910034,-0.4498160481452942,-0.03520043173611498,-0.039471328258514404,-0.5070375502109528,-0.04735502579987383,0.017956793308258057,-0.2846415638923645,-0.0054739497396383285,0.02622777223587036,-0.39801478385925293,-0.015806497799161434,0.03110414743423462,-0.47065359354019165,-0.028712723197344303,0.0365181565284729,-0.5311292409896851,-0.03910689407766199,0.05833715200424194,-0.26145458221435547,-0.013930003883245945,0.07872051000595093,-0.3622109293937683,-0.02676350788951254,0.09079867601394653,-0.42729878425598145,-0.03628668540895319,0.1000400185585022,-0.48358526825904846,-0.04380669424116945,0.09318798780441284,-0.21959680318832397,-0.025922860743406773,0.11565607786178589,-0.29181522130966187,-0.0374271979349885,0.12874799966812134,-0.3419364094734192,-0.041015490682724476,0.13937628269195557,-0.38852232694625854,-0.043778154792192936
0.04318159818649292,0.003847062587738037,3.774859891336746e-07,-0.05652683973312378,-0.0737231969833374,-0.023360728495418925,-0.08298128843307495,-0.18630337715148926,-0.028916570567190547,-0.0849301815032959,-0.27938950061798096,-0.033624564506709476,-0.09244531393051147,-0.35234832763671875,-0.037097153463065524,-0.027038514614105225,-0.2840660810470581,-0.0014521203466131283,-0.03326207399368286,-0.38683468103408813,-0.017198461317121883,-0.03662586212158203,-0.4496109187602997,-0.032503337808549304,-0.035716474056243896,-0.5061214864253998,-0.044450388499200244,0.020761609077453613,-0.2849254608154297,-0.005733342119157214,0.029620230197906494,-0.39826709032058716,-0.016695783682763476,0.03506726026535034,-0.46972566843032837,-0.03026088441222896,0.04075592756271362,-0.5302186608314514,-0.041088999458253284,0.061050236225128174,-0.2614622116088867,-0.015329003543257613,0.08192551136016846,-0.3629331588745117,-0.02916854920297851,0.09433984756469727,-0.4282805919647217,-0.03966488058179607,0.10367143154144287,-0.4860048294067383,-0.04790753240197887,0.0954015851020813,-0.2195531129837036,-0.02805792840629806,0.11961537599563599,-0.29222339391708374,-0.040697907306849856,0.13428044319152832,-0.34256577491760254,-0.045105111994445224,0.14601778984069824,-0.3902822732925415,-0.048522399016320605
0.6496818661689758,0.9356922507286072,-7.288325321042066e-08,-0.05764734745025635,-0.07374846935272217,-0.021436673649304794,-0.08494585752487183,-0.18677175045013428,-0.026821282752507614,-0.08591991662979126,-0.28003990650177,-0.03156962903653948,-0.09437912702560425,-0.3524864912033081,-0.035358182214849876,-0.028665006160736084,-0.2841675877571106,-0.0024660234942075476,-0.03401428461074829,-0.38834571838378906,-0.018904964499824928,-0.03633958101272583,-0.4518131613731384,-0.03445998492156832,-0.03449982404708862,-0.5088473856449127,-0.04640412988578646,0.019181430339813232,-0.284673810005188,-0.008011675500029014,0.029488742351531982,-0.39990097284317017,-0.019173628710859703,0.03617483377456665,-0.4708923101425171,-0.03262737678801386,0.04260385036468506,-0.5302292704582214,-0.04335820960318415,0.059724628925323486,-0.2617976665496826,-0.018518858649485992,0.07984387874603271,-0.3645753860473633,-0.031998272114151405,0.0916823148727417,-0.43009841442108154,-0.042352038495891975,0.10013175010681152,-0.4869859218597412,-0.050642552845829414,0.09504580497741699,-0.22039669752120972,-0.03196595149552195,0.11729717254638672,-0.2948479652404785,-0.04414834740077822,0.13108283281326294,-0.3456194996833801,-0.048271476351374076,0.14203417301177979,-0.3923557996749878,-0.051577988140934394
-0.008458256721496582,0.009063184261322021,3.711974869702317e-07,-0.06161630153656006,-0.06768965721130371,-0.01945842459096525,-0.09238195419311523,-0.17691922187805176,-0.024640547402640323,-0.09406107664108276,-0.2673177719116211,-0.029949846037169436,-0.10872352123260498,-0.337202250957489,-0.03466560720696066,-0.04498714208602905,-0.2832280993461609,0.0014392359298938118,-0.055389344692230225,-0.3857024312019348,-0.013573186763068179,-0.05982273817062378,-0.44849979877471924,-0.028985442884703616,-0.0602990984916687,-0.5028281509876251,-0.04119612305655096,0.0007874369621276855,-0.28776633739471436,-0.005174652032991389,0.007831037044525146,-0.40343356132507324,-0.015572225965996722,0.012927055358886719,-0.47379130125045776,-0.02911709464385126,0.01720482110977173,-0.5311262607574463,-0.040419195138355235,0.04114735126495361,-0.2685593366622925,-0.016922043927451114,0.05749863386154175,-0.37316352128982544,-0.029037855856557826,0.06724447011947632,-0.4405137300491333,-0.04060035600556944,0.07309859991073608,-0.4983978271484375,-0.05068621068491552,0.07817429304122925,-0.23025482892990112,-0.03160977392687414,0.09760719537734985,-0.30527281761169434,-0.042998340271850566,0.10774648189544678,-0.3570869565010071,-0.04872379853620146,0.11436671018600464,-0.4051406979560852,-0.05398670985593412
0.6299054026603699,0.9345537424087524,-5.198579344778409e-08,-0.06392538547515869,-0.06311148405075073,-0.022880623816462275,-0.10043597221374512,-0.17333465814590454,-0.02833887259563994,-0.10627466440200806,-0.26697248220443726,-0.033023363678665874,-0.12363559007644653,-0.3390772342681885,-0.03684630873701167,-0.05069100856781006,-0.27651655673980713,-0.002796963556619403,-0.06596887111663818,-0.3804582357406616,-0.019053720637174365,-0.07216137647628784,-0.44184064865112305,-0.03443737584254336,-0.07417875528335571,-0.4974026083946228,-0.046270462452383754,-0.004715681076049805,-0.28438800573349,-0.007332054200531957,-0.0008664727210998535,-0.40148812532424927,-0.018418757944317576,0.0025098323822021484,-0.4721444249153137,-0.031852668850632426,0.006374061107635498,-0.5303826630115509,-0.04277671012184214,0.03492170572280884,-0.267020583152771,-0.017181661679359195,0.049294114112854004,-0.37191909551620483,-0.031168115093322513,0.05897688865661621,-0.4391860365867615,-0.04268731433054995,0.06612598896026611,-0.49848514795303345,-0.052102877526493785,0.07109737396240234,-0.2313111424446106,-0.030066885753484485,0.08965474367141724,-0.30751651525497437,-0.04333794373175692,0.09938377141952515,-0.3584941625595093,-0.04898198577663493,0.10612928867340088,-0.4062499403953552,-0.05380462366244387
-0.03238213062286377,0.007236957550048828,3.3354497475102107e-07,-0.06408369541168213,-0.059893250465393066,-0.01916285820479402,-0.10084253549575806,-0.16517728567123413,-0.024085494058084578,-0.10683509707450867,-0.25191181898117065,-0.029033264445018858,-0.12518051266670227,-0.31873416900634766,-0.03353167541499147,-0.05479198694229126,-0.27211153507232666,-0.0015305905340881054,-0.0707283616065979,-0.37433528900146484,-0.017939430029940695,-0.07958781719207764,-0.4347608685493469,-0.03341027192945489,-0.0850481390953064,-0.4883464574813843,-0.04501126550312051,-0.00960075855255127,-0.279930055141449,-0.008247562983882517,-0.00797206163406372,-0.3970719575881958,-0.02032102301890859,-0.007136106491088867,-0.4682244658470154,-0.03403364338154802,-0.006561994552612305,-0.5257501900196075,-0.044823063837242216,0.029912590980529785,-0.26381438970565796,-0.01983700536365518,0.0415763258934021,-0.36930525302886963,-0.03413428954954156,0.04745858907699585,-0.43671250343322754,-0.045450466053438277,0.05006074905395508,-0.49595746397972107,-0.05447269447321901,0.06630897521972656,-0.23021858930587769,-0.03413240082736024,0.08156019449234009,-0.310608446598053,-0.047588685827207655,0.08815532922744751,-0.3647099733352661,-0.05296267412776956,0.0915834903717041,-0.4144189953804016,-0.0573965891468049
0.609885573387146,0.9326131343841553,-5.629185295674688e-08,-0.06641179323196411,-0.05934101343154907,-0.01867624344143337,-0.10633337497711182,-0.15938997268676758,-0.02359248483392662,-0.115509033203125,-0.24635684490203857,-0.028696102740497054,-0.13159680366516113,-0.3170444369316101,-0.0330413521251387,-0.06467556953430176,-0.269909143447876,0.0014504263426431407,-0.08363929390907288,-0.3696249723434448,-0.013762362951666773,-0.09530088305473328,-0.42841458320617676,-0.0288501565328545,-0.10423851013183594,-0.48053407669067383,-0.04038412654611534,-0.020283877849578857,-0.279355525970459,-0.005033434553325833,-0.021354079246520996,-0.3948360085487366,-0.01592249395164913,-0.022978127002716064,-0.464954674243927,-0.029457278268665732,-0.024945735931396484,-0.5218036770820618,-0.040070438476533354,0.019743621349334717,-0.26420140266418457,-0.01648494014355606,0.027783691883087158,-0.3681143522262573,-0.02951819980356163,0.031723201274871826,-0.43614518642425537,-0.040908435078591765,0.03253519535064697,-0.4966096878051758,-0.05011421600195831,0.05777382850646973,-0.2318350076675415,-0.030618952306241454,0.0703815221786499,-0.3106829524040222,-0.04328721547338432,0.07476943731307983,-0.3635125160217285,-0.04841236183258957,0.07594972848892212,-0.4123336672782898,-0.05257415929648346
-0.1140337884426117,-0.03353774547576904,3.9202124924031523e-07,-0.06896623969078064,-0.022632360458374023,-0.02382221863297218,-0.11978411674499512,-0.10066187381744385,-0.03269728691009277,-0.142381489276886,-0.17479592561721802,-0.0391172957482695,-0.16664907336235046,-0.23358792066574097,-0.04540224418667549,-0.08531039953231812,-0.21903765201568604,-0.02025856681791538,-0.11227872967720032,-0.3118302822113037,-0.03672653109458679,-0.13012748956680298,-0.3698562979698181,-0.050870109802758634,-0.14533579349517822,-0.4200959801673889,-0.06177450761822456,-0.043450236320495605,-0.234988272190094,-0.024007397225773275,-0.059417515993118286,-0.34317487478256226,-0.03673820242909187,-0.06841838359832764,-0.4119020104408264,-0.05049416840699905,-0.07422050833702087,-0.4665815234184265,-0.06107304290560478,-0.003921002149581909,-0.22737759351730347,-0.031146351701295316,-0.007080197334289551,-0.3316032290458679,-0.04623973042396301,-0.008500516414642334,-0.3965390920639038,-0.05804276511696571,-0.010562300682067871,-0.4515143036842346,-0.06676213488606209,0.03322514891624451,-0.20300060510635376,-0.04049351484206909,0.03488603234291077,-0.28278785943984985,-0.0557469506624102,0.034424394369125366,-0.3349529504776001,-0.06138509557274574,0.03314182162284851,-0.3822214603424072,-0.06509146884707206
0.6402963697910309,0.9717352390289307,-7.76623636511431e-08,-0.08088693022727966,-0.04178529977798462,-0.021483711470182243,-0.13434171676635742,-0.12812262773513794,-0.027153150681670013,-0.151822030544281,-0.21048223972320557,-0.0324549987356022,-0.17411381006240845,-0.26747989654541016,-0.037056805137808624,-0.11101734638214111,-0.2573126554489136,-0.0012953685738921195,-0.141240656375885,-0.3533521294593811,-0.015742169264967742,-0.1587100625038147,-0.41243672370910645,-0.030214080158884826,-0.17179012298583984,-0.4645090699195862,-0.04134977007311136,-0.06831574440002441,-0.27449190616607666,-0.006277636662389341,-0.08445528149604797,-0.38624411821365356,-0.016413263548429313,-0.09608110785484314,-0.4553384482860565,-0.028616629112775627,-0.10518747568130493,-0.5111106336116791,-0.0383543461005047,-0.027302294969558716,-0.2677762508392334,-0.01660991417270452,-0.031720757484436035,-0.37094783782958984,-0.027853009794171157,-0.03665560483932495,-0.4383874535560608,-0.03981043914359361,-0.042246729135513306,-0.49531397223472595,-0.04944712812107355,0.01382380723953247,-0.24158227443695068,-0.03015783200066835,0.015309810638427734,-0.3202486038208008,-0.04119608694713861,0.011952638626098633,-0.37305063009262085,-0.04748161280554086,0.005958437919616699,-0.42094480991363525,-0.05256837377351076
-0.1457095444202423,-0.037911295890808105,4.848608199381488e-07,-0.08233696222305298,-0.03701210021972656,-0.02743471341767645,-0.1364266574382782,-0.12105065584182739,-0.03648840377667284,-0.15798860788345337,-0.20576876401901245,-0.04422293345072603,-0.1822468340396881,-0.2732899785041809,-0.05079443121888971,-0.10309803485870361,-0.24683207273483276,-0.003059817222890615,-0.13262557983398438,-0.3397976756095886,-0.019820972556260585,-0.1513071358203888,-0.39580005407333374,-0.03693141529896593,-0.16681581735610962,-0.44960901141166687,-0.050556344190624714,-0.06159782409667969,-0.26711881160736084,-0.005414358550694942,-0.0770118236541748,-0.3762475252151489,-0.016318573826936245,-0.08784064650535583,-0.4405776858329773,-0.03076500000992155,-0.09732389450073242,-0.498002827167511,-0.04333822170832491,-0.02348637580871582,-0.2612389326095581,-0.013629819476989269,-0.027057021856307983,-0.36230987310409546,-0.02698520871439314,-0.03193289041519165,-0.42518550157546997,-0.037299816707161426,-0.039238542318344116,-0.4823894798755646,-0.046375599900272846,0.014683008193969727,-0.2364290952682495,-0.025554550090816974,0.017488539218902588,-0.31324654817581177,-0.03827045972087717,0.015194058418273926,-0.36212050914764404,-0.04321052620747423,0.00941699743270874,-0.407484233379364,-0.04778831938841677
0.6289021670818329,0.9637755155563354,-1.509704219415653e-07,-0.0788419246673584,-0.032760024070739746,-0.023915334150274248,-0.13174700736999512,-0.11470270156860352,-0.03218854080148503,-0.15390890836715698,-0.19623929262161255,-0.03983567516513631,-0.18119442462921143,-0.2585190534591675,-0.046852713927705736,-0.10522705316543579,-0.23799574375152588,-0.003626118192528338,-0.13869166374206543,-0.3263038396835327,-0.021275619521816225,-0.15943065285682678,-0.38125866651535034,-0.03830720718212888,-0.17531991004943848,-0.43415433168411255,-0.05170028145619199,-0.06411075592041016,-0.2605423927307129,-0.008654056593854875,-0.08396288752555847,-0.3678138256072998,-0.021458240702827425,-0.09631210565567017,-0.43267178535461426,-0.03647702421255872,-0.10565069317817688,-0.4914194941520691,-0.04880408804126546,-0.025599151849746704,-0.2574080228805542,-0.01902401681252286,-0.03533861041069031,-0.3607596158981323,-0.03407075117536351,-0.04312652349472046,-0.4231548309326172,-0.04515860836215779,-0.05162155628204346,-0.48123976588249207,-0.05422080914684102,0.012758076190948486,-0.23662257194519043,-0.032614643231113405,0.009553194046020508,-0.3156213164329529,-0.046635969087560625,0.005398541688919067,-0.36705732345581055,-0.052213615283449144,-0.0006843507289886475,-0.416237473487854,-0.05683997134872243
-0.1548168659210205,-0.03770244121551514,4.724257536281584e-07,-0.07646623253822327,-0.038282692432403564,-0.019794662632079962,-0.12885579466819763,-0.12137067317962646,-0.027118102796407584,-0.15237006545066833,-0.19865596294403076,-0.03464360270652378,-0.17927560210227966,-0.25737231969833374,-0.041691356487604025,-0.10772863030433655,-0.23856306076049805,-0.0012326971954053079,-0.14172807335853577,-0.3247024416923523,-0.018499205969305876,-0.16247305274009705,-0.3777362108230591,-0.03511341024193371,-0.1782759726047516,-0.42899090051651,-0.04812035817656124,-0.06743323802947998,-0.25999242067337036,-0.008378873728247527,-0.08886975049972534,-0.365337073802948,-0.021113529019089583,-0.10173586010932922,-0.43025463819503784,-0.035906192995639685,-0.11132869124412537,-0.488808810710907,-0.0478462885693034,-0.028311163187026978,-0.25658559799194336,-0.020481937713952902,-0.04037526249885559,-0.3593761920928955,-0.03537801388654316,-0.047775864601135254,-0.42255502939224243,-0.04611557457599247,-0.05527228116989136,-0.4800218343734741,-0.054688626118036154,0.01035335659980774,-0.2351912260055542,-0.03540104735645855,0.0053168535232543945,-0.314813494682312,-0.049011604078145865,0.0005594491958618164,-0.3670758008956909,-0.054056302793355826,-0.005654036998748779,-0.41573017835617065,-0.05820907387885654
0.6247631311416626,0.9621320962905884,-1.7261739060359105e-07,-0.0763520896434784,-0.03287005424499512,-0.02040213711259753,-0.1290823221206665,-0.12009650468826294,-0.02581554270980746,-0.15308627486228943,-0.20013970136642456,-0.03106231234667689,-0.18207308650016785,-0.25954878330230713,-0.0358078944653073,-0.1074705719947815,-0.23567843437194824,-0.0011813741100752395,-0.14125314354896545,-0.3241157531738281,-0.016829004433731143,-0.16254526376724243,-0.37773406505584717,-0.0319575871497193,-0.17893928289413452,-0.4292030930519104,-0.04418269723353774,-0.0685003399848938,-0.25809770822525024,-0.007521279544363324,-0.0915064811706543,-0.3641856908798218,-0.01925087153611571,-0.10543733835220337,-0.42953842878341675,-0.03334699749646575,-0.11567199230194092,-0.48811131715774536,-0.044864142236093585,-0.02999347448348999,-0.25509005784988403,-0.018880003985742633,-0.0436578094959259,-0.3593735098838806,-0.033623525795320575,-0.05065378546714783,-0.42306917905807495,-0.044662220326046054,-0.0573505163192749,-0.4813152849674225,-0.05348381951151282,0.008957982063293457,-0.23438113927841187,-0.0330821479826966,0.0013429224491119385,-0.31421154737472534,-0.04725244447288901,-0.004758775234222412,-0.36693859100341797,-0.0531443077295819,-0.01176297664642334,-0.4172215461730957,-0.05799855097828299
-0.14911767840385437,-0.03823864459991455,4.834401892139795e-07,-0.07883837819099426,-0.03359806537628174,-0.02102975709684074,-0.1325654685497284,-0.11902648210525513,-0.027014054119064213,-0.15724775195121765,-0.19935107231140137,-0.03271011798031509,-0.18288633227348328,-0.26164960861206055,-0.03752410201676071,-0.11272138357162476,-0.23747068643569946,-0.0008228562012675411,-0.14574432373046875,-0.3274223208427429,-0.016120996087266803,-0.16657012701034546,-0.38127321004867554,-0.031080713256670833,-0.18298029899597168,-0.4325554370880127,-0.04300079657085121,-0.07223227620124817,-0.260273814201355,-0.006959288142098785,-0.09433436393737793,-0.3659985661506653,-0.01800445070810497,-0.10810303688049316,-0.4307502508163452,-0.031547968968226314,-0.11883196234703064,-0.4878537654876709,-0.04239886043913543,-0.032162249088287354,-0.2575908899307251,-0.018221867963148952,-0.04490107297897339,-0.3600648045539856,-0.03202657191403091,-0.05177652835845947,-0.42409786581993103,-0.04211182682163894,-0.058818817138671875,-0.48190972208976746,-0.05016871331579864,0.007404834032058716,-0.23625236749649048,-0.03242713002808273,0.00014218688011169434,-0.3155122399330139,-0.045262349530531765,-0.005334615707397461,-0.3674244284629822,-0.04959348379023254,-0.012275248765945435,-0.4160820245742798,-0.053092187031580806
