0.69297856092453,0.8216793537139893,1.9001205942004162e-07,0.6432666182518005,0.7804005146026611,-0.01364176906645298,0.609632670879364,0.7120217680931091,-0.015151271596550941,0.5956528186798096,0.6502980589866638,-0.01704980619251728,0.5830230712890625,0.6032717227935791,-0.017982902005314827,0.6422224640846252,0.635702908039093,0.008074481971561909,0.6242526173591614,0.5690501928329468,-0.0009236481855623424,0.6133542656898499,0.5286380648612976,-0.011266211047768593,0.6066278219223022,0.49101221561431885,-0.019312793388962746,0.6735329031944275,0.625186562538147,0.0048044584691524506,0.6651061177253723,0.548853874206543,-6.541547008964699e-06,0.6604476571083069,0.5006192922592163,-0.008184920996427536,0.6578013300895691,0.460328608751297,-0.014823130331933498,0.7032080292701721,0.6319120526313782,-0.0026189798954874277,0.7051032185554504,0.5623783469200134,-0.009750108234584332,0.7061457633972168,0.5182405710220337,-0.01543347630649805,0.705855667591095,0.4811435639858246,-0.019736172631382942,0.7317542433738708,0.6516814827919006,-0.012362513691186905,0.738174319267273,0.5964316725730896,-0.018471235409379005,0.7405338287353516,0.560224175453186,-0.019664321094751358,0.741083025932312,0.5270222425460815,-0.020571790635585785
0.6930325031280518,0.8229293823242188,1.9029900499845098e-07,0.643431544303894,0.7821614146232605,-0.013528388924896717,0.6105750799179077,0.7113341689109802,-0.01431831531226635,0.5964639782905579,0.6487398147583008,-0.015512693673372269,0.5830976963043213,0.6022621393203735,-0.01575922966003418,0.6432884931564331,0.6354248523712158,0.009208046831190586,0.6255186200141907,0.5687099695205688,0.0007255748496390879,0.6145006418228149,0.5284856557846069,-0.00946668442338705,0.6073881983757019,0.4911898374557495,-0.017433185130357742,0.6744006872177124,0.625046968460083,0.006004745606333017,0.6660225987434387,0.5487197041511536,0.0017898251535370946,0.6613560914993286,0.49968597292900085,-0.006390781607478857,0.6585686802864075,0.45905551314353943,-0.01304542738944292,0.7040332555770874,0.6318584680557251,-0.00139880389906466,0.7060278654098511,0.562195360660553,-0.008075392805039883,0.707327127456665,0.5173595547676086,-0.013884159736335278,0.7071968913078308,0.47974127531051636,-0.01831059157848358,0.7323672771453857,0.6515941023826599,-0.011131860315799713,0.7388628721237183,0.5967212915420532,-0.016979601234197617,0.7416281700134277,0.5604410171508789,-0.018191689625382423,0.7428496479988098,0.5273175835609436,-0.019117284566164017
0.6927852630615234,0.8227050304412842,2.0397803268679127e-07,0.6430292725563049,0.7813568115234375,-0.015098934061825275,0.6107507944107056,0.7113028168678284,-0.016810709610581398,0.5971364378929138,0.6485370397567749,-0.018722593784332275,0.5842660665512085,0.6001232266426086,-0.019553234800696373,0.6432181000709534,0.6359318494796753,0.007739187218248844,0.6249210834503174,0.5690110325813293,-0.0016468705143779516,0.6140027046203613,0.5282822847366333,-0.01214850228279829,0.6075797080993652,0.49042874574661255,-0.020095011219382286,0.6745864152908325,0.6255544424057007,0.005264646839350462,0.6657552123069763,0.5490204095840454,0.0005064411670900881,0.6609703898429871,0.4997008442878723,-0.00729090953245759,0.6582860946655273,0.45928511023521423,-0.013436906039714813,0.7043818831443787,0.6324530243873596,-0.0016257775714620948,0.7062389850616455,0.5628255009651184,-0.008742587640881538,0.707204282283783,0.5182156562805176,-0.013806302100419998,0.7071995735168457,0.4812542200088501,-0.017354147508740425,0.7331189513206482,0.6521583199501038,-0.011052542366087437,0.7397488951683044,0.5966227054595947,-0.017134221270680428,0.7426266670227051,0.5601484775543213,-0.018039505928754807,0.7440104484558105,0.527157187461853,-0.01844576559960842
0.6947214007377625,0.8236926794052124,1.908346547452311e-07,0.6445060968399048,0.7822060585021973,-0.013813700526952744,0.6113182902336121,0.7115374207496643,-0.014771953225135803,0.5975625514984131,0.6488280892372131,-0.016105923801660538,0.5849061012268066,0.601151704788208,-0.016438761726021767,0.6442515850067139,0.6358317732810974,0.009152569808065891,0.6260008215904236,0.5690878033638,0.0005043153068982065,0.6150752305984497,0.5289515852928162,-0.009727302007377148,0.6083499789237976,0.4914398789405823,-0.017652302980422974,0.6753489375114441,0.6251925230026245,0.006151563487946987,0.6667884588241577,0.5489308834075928,0.0017713597044348717,0.6623808145523071,0.5000171065330505,-0.006239120848476887,0.6598924994468689,0.4592302441596985,-0.012643018737435341,0.7048990726470947,0.6319849491119385,-0.0011330045526847243,0.706447184085846,0.5624595284461975,-0.007993504405021667,0.7077785730361938,0.518060564994812,-0.013703255914151669,0.70784592628479,0.48063385486602783,-0.017865102738142014,0.7333393096923828,0.651576042175293,-0.010793039575219154,0.7396878004074097,0.5958402752876282,-0.016784943640232086,0.7427111268043518,0.5595881938934326,-0.01802135445177555,0.7442826628684998,0.5264438390731812,-0.018814444541931152
0.6972420811653137,0.8251563310623169,1.985492019684898e-07,0.6475045680999756,0.7835522890090942,-0.014553723856806755,0.6147822737693787,0.7113136649131775,-0.015392460860311985,0.5998485088348389,0.6487366557121277,-0.016515007242560387,0.5879451632499695,0.601228654384613,-0.016554538160562515,0.6466106176376343,0.6367406249046326,0.00890407431870699,0.6288403868675232,0.5685650706291199,0.0004298703570384532,0.6176860928535461,0.5272590517997742,-0.00953787099570036,0.6108444333076477,0.4892006516456604,-0.01717849262058735,0.6776577830314636,0.6268230080604553,0.0064691766165196896,0.6696279048919678,0.5503671169281006,0.0025069070979952812,0.6649377346038818,0.5006387233734131,-0.005055717658251524,0.6622226238250732,0.4600715637207031,-0.011067735031247139,0.7074270248413086,0.6336523294448853,-0.00035523809492588043,0.7088636159896851,0.5629516839981079,-0.0066697075963020325,0.7094411253929138,0.5180885791778564,-0.011785932816565037,0.7088306546211243,0.48090124130249023,-0.015491674654185772,0.7360565066337585,0.6528487205505371,-0.009686769917607307,0.7421431541442871,0.5970866084098816,-0.015215311199426651,0.7447728514671326,0.5607427358627319,-0.016100991517305374,0.7461791038513184,0.5280627608299255,-0.01656734012067318
0.6964007616043091,0.8234356641769409,1.9545699103673542e-07,0.647718608379364,0.7819254994392395,-0.014477594755589962,0.6155719757080078,0.7117735147476196,-0.016101613640785217,0.6011800765991211,0.6497283577919006,-0.017963087186217308,0.5891594886779785,0.6020973324775696,-0.018795832991600037,0.6477010846138,0.6356326937675476,0.007664504460990429,0.6298598647117615,0.5681636333465576,-0.0014263724442571402,0.6187714338302612,0.5279269814491272,-0.01182616874575615,0.6116123795509338,0.49062204360961914,-0.019823525100946426,0.6788853406906128,0.6256923079490662,0.004804808646440506,0.670132040977478,0.5491725206375122,5.5084452469600365e-05,0.6652250289916992,0.5002956986427307,-0.008262027986347675,0.6622108817100525,0.45946526527404785,-0.014949493110179901,0.7084143161773682,0.6328399777412415,-0.002309718169271946,0.7103524208068848,0.5629909038543701,-0.009397058747708797,0.7116187214851379,0.5180387496948242,-0.015252595767378807,0.7114871740341187,0.47992146015167236,-0.01963857375085354,0.7366709113121033,0.6528312563896179,-0.011825475841760635,0.7434916496276855,0.5979201197624207,-0.01798313856124878,0.7466114163398743,0.561966598033905,-0.019301529973745346,0.7480156421661377,0.5291133522987366,-0.02022053860127926
0.6977404356002808,0.8222492933273315,1.9005609885880403e-07,0.6482442021369934,0.7806401252746582,-0.013208860531449318,0.6159175634384155,0.7108277678489685,-0.014215794391930103,0.6022840738296509,0.6488768458366394,-0.015715891495347023,0.5898085832595825,0.6030921936035156,-0.01635810174047947,0.6485476493835449,0.635737419128418,0.008799967356026173,0.6306924819946289,0.5681589245796204,0.00046171576832421124,0.6202241778373718,0.5276809930801392,-0.00944944005459547,0.613998532295227,0.49045461416244507,-0.01729152537882328,0.679696261882782,0.6255360245704651,0.005264522507786751,0.6711453795433044,0.5483760237693787,0.0005422519752755761,0.6666710376739502,0.4994629919528961,-0.00817700382322073,0.6643674969673157,0.45875245332717896,-0.015232833102345467,0.7092843651771545,0.6324449181556702,-0.0023398075718432665,0.7114530801773071,0.5625817775726318,-0.009420770220458508,0.7128583788871765,0.5179312229156494,-0.01612480916082859,0.7130495309829712,0.4801437258720398,-0.021280724555253983,0.7377066016197205,0.6524130702018738,-0.012159233912825584,0.7444331645965576,0.5980302691459656,-0.018335554748773575,0.747408390045166,0.5620495676994324,-0.020144009962677956,0.7488526105880737,0.5289527773857117,-0.021628016605973244
0.6989938020706177,0.822778582572937,1.9535525552782929e-07,0.6498411297798157,0.7803671956062317,-0.013733696192502975,0.6173253059387207,0.7107161283493042,-0.014825229533016682,0.6027548909187317,0.6489419341087341,-0.016310706734657288,0.5903727412223816,0.6015187501907349,-0.016770614311099052,0.6494724154472351,0.6356310844421387,0.009222285822033882,0.6310876607894897,0.5680203437805176,0.0007466409006156027,0.6205358505249023,0.527320921421051,-0.00926836859434843,0.614518404006958,0.49005207419395447,-0.01705699786543846,0.680814802646637,0.6252647638320923,0.006217301357537508,0.6722666025161743,0.5489269495010376,0.0018162750639021397,0.6680135726928711,0.5001320242881775,-0.006599100306630135,0.6657330393791199,0.45979756116867065,-0.01333798561245203,0.7104690074920654,0.6320925951004028,-0.0009938939474523067,0.7130848169326782,0.5623820424079895,-0.007872250862419605,0.7147433757781982,0.5176875591278076,-0.014046496711671352,0.7148990631103516,0.48008447885513306,-0.018678149208426476,0.7387122511863708,0.6522436141967773,-0.010481630451977253,0.7461097240447998,0.598621666431427,-0.01653648540377617,0.7492374181747437,0.5625407695770264,-0.018031125888228416,0.7507299780845642,0.5292386412620544,-0.01909470185637474
0.7003746628761292,0.8244125247001648,1.9348817659192719e-07,0.6515916585922241,0.7821884751319885,-0.013795286417007446,0.6190186738967896,0.7116920948028564,-0.01498150173574686,0.604373037815094,0.6498371362686157,-0.01652739942073822,0.5923864245414734,0.6026831865310669,-0.0170259028673172,0.6513780951499939,0.6356203556060791,0.008952750824391842,0.6333093643188477,0.5674889087677002,0.0004108638095203787,0.6224108338356018,0.5263038277626038,-0.009793865494430065,0.6158655881881714,0.4885220527648926,-0.01774602383375168,0.682466447353363,0.625741720199585,0.005958464927971363,0.6740762591362,0.5498186945915222,0.0018068767385557294,0.6696195006370544,0.501074492931366,-0.006406090222299099,0.6670598983764648,0.46036314964294434,-0.013046604581177235,0.7121219635009766,0.6329787373542786,-0.001224706182256341,0.7137322425842285,0.5633321404457092,-0.007596789859235287,0.71529221534729,0.5184855461120605,-0.013198059983551502,0.7156745791435242,0.4804956614971161,-0.017559364438056946,0.7404295206069946,0.6532365679740906,-0.01077683363109827,0.747047483921051,0.5996729135513306,-0.01634310930967331,0.7502253651618958,0.5639704465866089,-0.017352424561977386,0.7521364688873291,0.5311602354049683,-0.01811835914850235
0.700102686882019,0.8250758051872253,1.9804228656994383e-07,0.6513475179672241,0.7825305461883545,-0.01399674080312252,0.619003415107727,0.7116795778274536,-0.015094234608113766,0.6045527458190918,0.6495299339294434,-0.016518153250217438,0.5922017097473145,0.6021449565887451,-0.016866197809576988,0.6516137719154358,0.6355673670768738,0.00930289551615715,0.6331050992012024,0.5677418112754822,0.0007174581405706704,0.622406542301178,0.5266625285148621,-0.009517746977508068,0.6161646246910095,0.48884326219558716,-0.017413217574357986,0.6828580498695374,0.6256164908409119,0.006501477211713791,0.674214243888855,0.5496410131454468,0.0024769108276814222,0.6696775555610657,0.5011411309242249,-0.00556581374257803,0.6671668291091919,0.46065035462379456,-0.012026747688651085,0.7124962210655212,0.6328260898590088,-0.0005521049606613815,0.714229941368103,0.5635996460914612,-0.006794390268623829,0.715762197971344,0.5192018747329712,-0.012089976109564304,0.7162227034568787,0.4816586375236511,-0.01615172065794468,0.7405681014060974,0.6531592011451721,-0.010033247992396355,0.747494101524353,0.5995678305625916,-0.015373652800917625,0.7509534358978271,0.5636622309684753,-0.016146140173077583,0.753115713596344,0.5306497812271118,-0.0166935995221138
0.7001999020576477,0.8231201767921448,1.916182981176462e-07,0.651576578617096,0.7810003757476807,-0.013269367627799511,0.6195378303527832,0.7106721997261047,-0.014121413230895996,0.60603266954422,0.6493170857429504,-0.01538132131099701,0.5937878489494324,0.6034972667694092,-0.01572433114051819,0.6521819233894348,0.6356374621391296,0.007662011310458183,0.6348034143447876,0.5673688650131226,-0.001287696068175137,0.62434321641922,0.5257739424705505,-0.01131776999682188,0.6181811094284058,0.4880869388580322,-0.018906988203525543,0.6835965514183044,0.6259486675262451,0.0045419977977871895,0.6762750148773193,0.5494533777236938,5.658153531840071e-05,0.6720730662345886,0.5007010698318481,-0.007600864395499229,0.669694721698761,0.4606456160545349,-0.013675728812813759,0.7134133577346802,0.6329131126403809,-0.0026349767576903105,0.7161436676979065,0.5633692741394043,-0.00911219883710146,0.7176312208175659,0.5189273953437805,-0.014193643815815449,0.7179515957832336,0.48178809881210327,-0.018021171912550926,0.7415636777877808,0.6527866721153259,-0.012148519977927208,0.7493814826011658,0.5986564755439758,-0.017676811665296555,0.7529419660568237,0.5624478459358215,-0.018464572727680206,0.7549993991851807,0.5295250415802002,-0.01894630864262581
0.7031089663505554,0.8230471611022949,2.1118769666372827e-07,0.6543666124343872,0.7797993421554565,-0.014650599099695683,0.6223030686378479,0.7094664573669434,-0.01641237922012806,0.6079410314559937,0.6473713517189026,-0.018368208780884743,0.5988913178443909,0.5991239547729492,-0.019163748249411583,0.6553771495819092,0.6350110769271851,0.00781575869768858,0.6388599276542664,0.5653053522109985,-0.0014061403926461935,0.6281797289848328,0.5235049724578857,-0.011858005076646805,0.6215686798095703,0.4854172468185425,-0.019733579829335213,0.6869706511497498,0.6258251667022705,0.005495259538292885,0.6806301474571228,0.5491116046905518,0.001214245450682938,0.6763622760772705,0.49963945150375366,-0.006642756052315235,0.6735901832580566,0.45914986729621887,-0.012865754775702953,0.716941773891449,0.633362889289856,-0.0010861727641895413,0.719900369644165,0.5630854368209839,-0.007176239509135485,0.7210900783538818,0.5187821984291077,-0.011861552484333515,0.7209732532501221,0.48186108469963074,-0.015413098968565464,0.7451875805854797,0.653774082660675,-0.010142683982849121,0.7523882389068604,0.6003772020339966,-0.015212604776024818,0.7553449869155884,0.5652141571044922,-0.015479903668165207,0.7571479082107544,0.5335378646850586,-0.01551281102001667
0.6999767422676086,0.8197277784347534,2.3371629254143045e-07,0.652942419052124,0.7750735282897949,-0.014904355630278587,0.6238517165184021,0.7012006640434265,-0.01664597913622856,0.6131809949874878,0.6386604905128479,-0.0182244461029768,0.603162944316864,0.59222412109375,-0.01874777302145958,0.6597754955291748,0.6279019713401794,0.004348309710621834,0.6463918089866638,0.5573819279670715,-0.0042879339307546616,0.6373510956764221,0.5156726837158203,-0.01384181808680296,0.6314513087272644,0.47776973247528076,-0.021221531555056572,0.6913619041442871,0.6214483380317688,0.0021725387778133154,0.688962459564209,0.5441218018531799,-0.0020907740108668804,0.6868342757225037,0.4955151081085205,-0.009651335887610912,0.6858208775520325,0.4560895562171936,-0.01585216075181961,0.7206599712371826,0.630699098110199,-0.003891060594469309,0.7272861003875732,0.5606303215026855,-0.010049279779195786,0.7307029962539673,0.5167346000671387,-0.01488890964537859,0.7328232526779175,0.48027271032333374,-0.018791742622852325,0.7472608089447021,0.652020275592804,-0.012375636026263237,0.7574375867843628,0.5980191826820374,-0.017685994505882263,0.7634446620941162,0.5624306201934814,-0.018248552456498146,0.7681525349617004,0.53047776222229,-0.018702425062656403
0.6895599961280823,0.8135943412780762,2.06129598723237e-07,0.6437473893165588,0.7668045163154602,-0.010802654549479485,0.6149682998657227,0.6959004998207092,-0.01155615784227848,0.6051903963088989,0.6370190382003784,-0.013188629411160946,0.5971771478652954,0.5943278670310974,-0.014362676069140434,0.6512240767478943,0.6219082474708557,0.007894922979176044,0.6380085349082947,0.5553998947143555,-0.0008120519341900945,0.6304923295974731,0.5142384767532349,-0.010657629929482937,0.6263782382011414,0.4776272475719452,-0.018294353038072586,0.6831528544425964,0.616204559803009,0.00332846911624074,0.6812963485717773,0.5408412218093872,-0.001806842628866434,0.6809677481651306,0.49364084005355835,-0.009698288515210152,0.6818631887435913,0.455333948135376,-0.016089649870991707,0.7125967144966125,0.6266518831253052,-0.004968204069882631,0.7197973728179932,0.5587010979652405,-0.012319264002144337,0.724096417427063,0.5154070854187012,-0.018447259441018105,0.7271300554275513,0.4796043634414673,-0.023084912449121475,0.7396771907806396,0.6496970057487488,-0.01522724237293005,0.7521104216575623,0.5947490930557251,-0.02172659896314144,0.7587652206420898,0.5589451789855957,-0.02355116419494152,0.7633602023124695,0.5270456075668335,-0.024982014670968056
0.6887439489364624,0.8137331604957581,1.9112580673663615e-07,0.6428486108779907,0.7700941562652588,-0.0125422403216362,0.6150729060173035,0.6958630681037903,-0.013661915436387062,0.6059491038322449,0.6343284845352173,-0.015224105678498745,0.5950757265090942,0.5919217467308044,-0.016142165288329124,0.6512928605079651,0.6226244568824768,0.005395874381065369,0.6382626891136169,0.5542542338371277,-0.0037851242814213037,0.6306023001670837,0.5124528408050537,-0.013589245267212391,0.6269100904464722,0.47545480728149414,-0.02099233865737915,0.6837126612663269,0.6169299483299255,0.0015094638802111149,0.6814739108085632,0.5412247776985168,-0.003628270933404565,0.6811221241950989,0.4927482604980469,-0.011090527288615704,0.682183563709259,0.4539344906806946,-0.0169830285012722,0.7133963108062744,0.6276875138282776,-0.006162062752991915,0.7218156456947327,0.5589545965194702,-0.01377824880182743,0.7264369130134583,0.5148987174034119,-0.019086776301264763,0.7297042012214661,0.478676974773407,-0.02285170927643776,0.7403758764266968,0.6512356400489807,-0.015928037464618683,0.7518041133880615,0.5965308547019958,-0.022605713456869125,0.7576727867126465,0.5606157779693604,-0.023682119324803352,0.7618740797042847,0.5285831093788147,-0.024270804598927498
0.6788474321365356,0.8044605255126953,2.414058144495357e-07,0.6282979249954224,0.7689638137817383,-0.01608831062912941,0.595573902130127,0.6976790428161621,-0.01889236457645893,0.5879696607589722,0.6357901096343994,-0.021375734359025955,0.5771028995513916,0.5932713150978088,-0.023085279390215874,0.6329644322395325,0.6156100034713745,0.0015623093349859118,0.6204599142074585,0.5477538108825684,-0.00798805896192789,0.6131556034088135,0.5064671039581299,-0.018210934475064278,0.6078039407730103,0.46999531984329224,-0.02598809078335762,0.6658674478530884,0.6095229387283325,-0.0007148421718738973,0.6665763258934021,0.5335559844970703,-0.006801032926887274,0.6651529669761658,0.4861437678337097,-0.015274189412593842,0.6636471748352051,0.44864708185195923,-0.022062547504901886,0.6946260333061218,0.6197015643119812,-0.006930151954293251,0.7033450603485107,0.5527843236923218,-0.015165180899202824,0.7064250111579895,0.5117656588554382,-0.02180728130042553,0.7075915932655334,0.47852325439453125,-0.02659841626882553,0.7211423516273499,0.6417246460914612,-0.015557490289211273,0.7323750257492065,0.5864568948745728,-0.023290418088436127,0.7367734909057617,0.550183117389679,-0.026161327958106995,0.7394317388534546,0.5180926322937012,-0.02813686989247799
0.6620122790336609,0.8008053302764893,2.3815043448394135e-07,0.6126420497894287,0.7695531249046326,-0.01791258156299591,0.5733353495597839,0.701881468296051,-0.025328272953629494,0.5557870864868164,0.6448327302932739,-0.03237200155854225,0.5399118065834045,0.5998185873031616,-0.03905066102743149,0.602850079536438,0.6118183135986328,-0.005539280828088522,0.5870092511177063,0.5455377101898193,-0.021781548857688904,0.5769976377487183,0.5051952600479126,-0.03712785616517067,0.569459855556488,0.47183963656425476,-0.04812493175268173,0.6336826086044312,0.603300154209137,-0.009880888275802135,0.6265684366226196,0.5267640352249146,-0.0235862135887146,0.6211916208267212,0.4816141724586487,-0.03764676675200462,0.6163079142570496,0.4450191855430603,-0.0475548692047596,0.6636518239974976,0.6121010780334473,-0.01806817762553692,0.6626755595207214,0.5388070344924927,-0.033219099044799805,0.661162793636322,0.4939124584197998,-0.043179843574762344,0.6584728360176086,0.4555835425853729,-0.049877654761075974,0.6935380101203918,0.6353820562362671,-0.028356747701764107,0.6983554363250732,0.5796860456466675,-0.041274044662714005,0.698882520198822,0.5455435514450073,-0.0455675832927227,0.6975615620613098,0.5171408653259277,-0.048125676810741425
0.6503176689147949,0.795172393321991,1.523466437447496e-07,0.5983917713165283,0.7711313962936401,-0.012857368215918541,0.5537290573120117,0.7272627353668213,-0.019900009036064148,0.527648389339447,0.6907618641853333,-0.027676578611135483,0.5125718116760254,0.6616904139518738,-0.0351594053208828,0.5630905032157898,0.6266046166419983,-0.0017437685746699572,0.5406509041786194,0.5640211701393127,-0.0163259319961071,0.5254493951797485,0.5247830748558044,-0.030986309051513672,0.5116837024688721,0.4920685291290283,-0.04147835448384285,0.5905164480209351,0.6089668869972229,-0.00718440068885684,0.5706194639205933,0.539657711982727,-0.018781675025820732,0.5544071793556213,0.5002328753471375,-0.03035213239490986,0.539009690284729,0.4712866246700287,-0.03844195976853371,0.6201971769332886,0.6055611968040466,-0.015851346775889397,0.606833815574646,0.5380932688713074,-0.026789356023073196,0.5963574051856995,0.4967671036720276,-0.03214753791689873,0.5861518383026123,0.464741587638855,-0.03543553128838539,0.6519882678985596,0.6149171590805054,-0.026662467047572136,0.6494266986846924,0.5572459697723389,-0.03534689173102379,0.6440750956535339,0.5186288952827454,-0.03615541756153107,0.6378697156906128,0.48548468947410583,-0.03568581864237785
0.6308466792106628,0.7923460602760315,1.2289709161450446e-07,0.5788040161132812,0.780353844165802,-0.008628733456134796,0.5293166041374207,0.7342742085456848,-0.010221119970083237,0.5017516613006592,0.6911330223083496,-0.01297127828001976,0.4788037836551666,0.6635812520980835,-0.015843559056520462,0.5352925062179565,0.639942467212677,0.004214754328131676,0.5029813051223755,0.5841495394706726,-0.006631284486502409,0.48246657848358154,0.5522288084030151,-0.018430287018418312,0.46541011333465576,0.5276267528533936,-0.026905041188001633,0.5587258338928223,0.6197847127914429,-0.0014738383470103145,0.5303483009338379,0.5488992929458618,-0.009893902577459812,0.509954035282135,0.5105822682380676,-0.020087094977498055,0.4921175539493561,0.4839896857738495,-0.027154985815286636,0.5871822237968445,0.6130147576332092,-0.01006714254617691,0.5633693337440491,0.5456802248954773,-0.018618177622556686,0.5462834239006042,0.5059581995010376,-0.02545604296028614,0.5307105779647827,0.47443151473999023,-0.030424529686570168,0.619633674621582,0.61780846118927,-0.020294340327382088,0.6074212193489075,0.5614864826202393,-0.02784080244600773,0.5950202941894531,0.5269370675086975,-0.030314205214381218,0.5822161436080933,0.49716752767562866,-0.031810030341148376
0.612732470035553,0.7639346718788147,4.974797818135812e-08,0.5613701343536377,0.7808683514595032,-0.017838135361671448,0.5007293820381165,0.7765949964523315,-0.02346803806722164,0.45251405239105225,0.762424886226654,-0.029375547543168068,0.41753309965133667,0.7514805793762207,-0.03450515866279602,0.47129443287849426,0.7016541957855225,0.001346045290119946,0.4186190068721771,0.6760725378990173,-0.008385791443288326,0.39006370306015015,0.6586057543754578,-0.018316732719540596,0.3674784302711487,0.6411779522895813,-0.02569097839295864,0.48195743560791016,0.6696474552154541,0.0011768984841182828,0.4284327030181885,0.6305513381958008,-0.004401907790452242,0.4010578393936157,0.6084652543067932,-0.010608552955091,0.3788493871688843,0.5932437181472778,-0.01555006392300129,0.5013139247894287,0.644491970539093,-0.0033335599582642317,0.4564138352870941,0.6028037667274475,-0.010249563492834568,0.4307735562324524,0.5796475410461426,-0.015248791314661503,0.40818512439727783,0.5625646114349365,-0.018319791182875633,0.529183566570282,0.6252397894859314,-0.010660627856850624,0.4956698417663574,0.5896819829940796,-0.016429752111434937,0.4745277762413025,0.5698317885398865,-0.017839573323726654,0.4540342688560486,0.5533470511436462,-0.018310848623514175
0.5971917510032654,0.7605315446853638,1.9164701825502561e-07,0.5471082925796509,0.7843101024627686,-0.015609399415552616,0.4918597936630249,0.7844105958938599,-0.02008794993162155,0.4491734504699707,0.7722063064575195,-0.024568742141127586,0.41375410556793213,0.7614103555679321,-0.028034664690494537,0.4625380039215088,0.7064764499664307,0.004709783010184765,0.41420218348503113,0.6857936382293701,-0.005281057208776474,0.3848766088485718,0.6752603054046631,-0.01586533896625042,0.35938557982444763,0.6633016467094421,-0.023642241954803467,0.47429025173187256,0.670828640460968,0.002843522932380438,0.4263644516468048,0.6307045221328735,-0.0029625033494085073,0.3985055983066559,0.609808623790741,-0.010110822506248951,0.37527722120285034,0.5917502045631409,-0.015732401981949806,0.493320107460022,0.6450744867324829,-0.003273510141298175,0.4519410729408264,0.6029616594314575,-0.0097282649949193,0.4270600974559784,0.5812464952468872,-0.012901348061859608,0.40452292561531067,0.5636178851127625,-0.015625108033418655,0.518690288066864,0.6269422173500061,-0.012016231194138527,0.488424688577652,0.5934610366821289,-0.01651168242096901,0.46876195073127747,0.5738885402679443,-0.015909522771835327,0.44987592101097107,0.5575587153434753,-0.015710338950157166
0.6003925800323486,0.748799204826355,1.1359612273054154e-07,0.5490360260009766,0.768860399723053,-0.00917473342269659,0.4948529005050659,0.7601189017295837,-0.010366805829107761,0.4561871290206909,0.7443190217018127,-0.01278236135840416,0.42398566007614136,0.7329851388931274,-0.014291049912571907,0.472464382648468,0.6868769526481628,0.00985077302902937,0.42758265137672424,0.6655059456825256,0.0015758872032165527,0.4016970098018646,0.6548658013343811,-0.007742100395262241,0.3799945116043091,0.6446427702903748,-0.014505949802696705,0.48277875781059265,0.6530106067657471,0.005049848463386297,0.4360373318195343,0.6149572134017944,0.000382735364837572,0.40814101696014404,0.594756543636322,-0.006807099096477032,0.3848726749420166,0.5785903930664062,-0.012308764271438122,0.5010407567024231,0.6287118792533875,-0.003206240711733699,0.46148842573165894,0.5868498682975769,-0.008723932318389416,0.438909649848938,0.5660443305969238,-0.011753343977034092,0.4180682897567749,0.550023078918457,-0.014308452606201172,0.526505708694458,0.6121603846549988,-0.013435415923595428,0.49895021319389343,0.5757272839546204,-0.016839634627103806,0.4810296297073364,0.5552216172218323,-0.015248097479343414,0.46386510133743286,0.5389466881752014,-0.014322461560368538
0.609808087348938,0.7402344942092896,1.2192526810395066e-07,0.5589292645454407,0.7499082088470459,-0.010492684319615364,0.5038524270057678,0.7334423065185547,-0.014357308857142925,0.46562784910202026,0.712339460849762,-0.019008446484804153,0.43577125668525696,0.6913940906524658,-0.02293698489665985,0.48641476035118103,0.6558353304862976,0.0013244131114333868,0.44090068340301514,0.6255763173103333,-0.011013832874596119,0.41093680262565613,0.6130491495132446,-0.02273569442331791,0.3861023187637329,0.6048910617828369,-0.030900539830327034,0.4997890889644623,0.6283957958221436,-0.0034894885029643774,0.4553864002227783,0.5821675062179565,-0.012346059083938599,0.4270668625831604,0.5603664517402649,-0.02109004557132721,0.40479716658592224,0.546837568283081,-0.027140198275446892,0.5199170112609863,0.6093801259994507,-0.011266632936894894,0.4799421727657318,0.5631901621818542,-0.019193287938833237,0.4557708501815796,0.5398816466331482,-0.022362781688570976,0.43556416034698486,0.5237866044044495,-0.024644946679472923,0.5465269088745117,0.5975653529167175,-0.021020783111453056,0.5193468928337097,0.5555009841918945,-0.026751404628157616,0.5004565119743347,0.5308867692947388,-0.026329096406698227,0.4837440252304077,0.513238787651062,-0.025747189298272133
0.629206120967865,0.7312886714935303,7.707701143999657e-08,0.5766035914421082,0.7340334057807922,-0.00756671791896224,0.5220949649810791,0.7063186168670654,-0.00897100567817688,0.4857008159160614,0.6779361367225647,-0.011824020184576511,0.4599827826023102,0.6580262780189514,-0.01432401966303587,0.511125385761261,0.6320465207099915,0.005908699706196785,0.470583975315094,0.5908698439598083,-0.00403418717905879,0.44522368907928467,0.5688607096672058,-0.013901610858738422,0.424686074256897,0.5517339110374451,-0.020907482132315636,0.52727210521698,0.6042259931564331,-0.00016269402112811804,0.48734936118125916,0.5524817109107971,-0.007342585828155279,0.4628610908985138,0.5250715613365173,-0.015227878466248512,0.4431576132774353,0.5056744813919067,-0.020769214257597923,0.549010694026947,0.5858063101768494,-0.009012752212584019,0.5138219594955444,0.5334098935127258,-0.015819156542420387,0.49237215518951416,0.5061377882957458,-0.018786845728754997,0.4741016924381256,0.48593252897262573,-0.021148113533854485,0.5767868161201477,0.5756558775901794,-0.019560689106583595,0.5496640205383301,0.5326759219169617,-0.024216799065470695,0.5314978957176208,0.5085647702217102,-0.022817986086010933,0.515596866607666,0.49103617668151855,-0.02177460305392742
0.6420766115188599,0.733504056930542,1.0325039312419904e-07,0.5909352898597717,0.7159326076507568,-0.011394074186682701,0.5388208031654358,0.6676930785179138,-0.014311070553958416,0.5033841133117676,0.6311319470405579,-0.017665421590209007,0.47350025177001953,0.6207362413406372,-0.021064065396785736,0.5386537909507751,0.5996780395507812,-0.0003471504314802587,0.5037685036659241,0.5521483421325684,-0.011927402578294277,0.4800916910171509,0.5251693725585938,-0.02322356030344963,0.460112065076828,0.5030398964881897,-0.031715650111436844,0.5594401359558105,0.5786351561546326,-0.005335924681276083,0.5207786560058594,0.5277780294418335,-0.014000080525875092,0.49660488963127136,0.49900829792022705,-0.0235616322606802,0.4770066738128662,0.4780694246292114,-0.030642816796898842,0.5872787237167358,0.5677231550216675,-0.013086593709886074,0.5556447505950928,0.5137177109718323,-0.022721460089087486,0.5331558585166931,0.4807416796684265,-0.02683946117758751,0.5153570771217346,0.4541679620742798,-0.02986399084329605,0.6210875511169434,0.5647467970848083,-0.022525036707520485,0.5973004698753357,0.5212693810462952,-0.029462439939379692,0.580367922782898,0.4951450824737549,-0.02849254570901394,0.5665091872215271,0.4738604426383972,-0.0277854073792696
0.7193074822425842,0.727703869342804,2.3028223949950188e-07,0.6756011843681335,0.6929734945297241,-0.014878476038575172,0.6465756893157959,0.628160297870636,-0.017886031419038773,0.6353626847267151,0.574316680431366,-0.02037039026618004,0.6247437000274658,0.5323207378387451,-0.022545572370290756,0.6771981120109558,0.5607693791389465,-0.0032165213488042355,0.6641930341720581,0.5000403523445129,-0.01557432021945715,0.6560455560684204,0.4606229364871979,-0.027329983189702034,0.6499688625335693,0.4266524016857147,-0.035918135195970535,0.7071155905723572,0.5544216632843018,-0.005641940515488386,0.7061881422996521,0.487280011177063,-0.015485880896449089,0.7029831409454346,0.4439370334148407,-0.026253465563058853,0.6992334127426147,0.40996092557907104,-0.033947572112083435,0.7348982691764832,0.563335657119751,-0.011273717507719994,0.7438347339630127,0.5032713413238525,-0.023289879783988,0.7478443384170532,0.46399107575416565,-0.031215889379382133,0.7504022717475891,0.4338690936565399,-0.03591642901301384,0.7611238360404968,0.5836049318313599,-0.01871618814766407,0.7730188369750977,0.5364013314247131,-0.029552852734923363,0.7781517505645752,0.5075477361679077,-0.03318554162979126,0.7820257544517517,0.48376208543777466,-0.03493921458721161
0.7347924709320068,0.7420386075973511,1.8546856495049724e-07,0.690794050693512,0.7016071081161499,-0.01298520714044571,0.6654812693595886,0.6301945447921753,-0.0147052351385355,0.6554744839668274,0.5717170238494873,-0.016419902443885803,0.6462558507919312,0.5267630219459534,-0.017211738973855972,0.6997708678245544,0.5647450685501099,0.0008602743619121611,0.6875826120376587,0.49982744455337524,-0.009430024772882462,0.6806663274765015,0.4587017893791199,-0.019469257444143295,0.6761149168014526,0.42396989464759827,-0.026899296790361404,0.7300523519515991,0.5598483085632324,-0.0022670901380479336,0.7273441553115845,0.48905324935913086,-0.008703487925231457,0.7260620594024658,0.44372910261154175,-0.016688186675310135,0.7249076962471008,0.4085608720779419,-0.02252417989075184,0.7588033676147461,0.5708779096603394,-0.008653029799461365,0.766613781452179,0.5056726336479187,-0.017224567010998726,0.7698657512664795,0.4651389718055725,-0.022764084860682487,0.7709246873855591,0.43210190534591675,-0.026397855952382088,0.7862855792045593,0.595575213432312,-0.016904093325138092,0.8004541397094727,0.5471642017364502,-0.02451734058558941,0.8054596781730652,0.5138043165206909,-0.02612580545246601,0.8076844215393066,0.48456069827079773,-0.026753637939691544
0.7394892573356628,0.7526556253433228,1.9422076036335056e-07,0.6959047317504883,0.7042521834373474,-0.01289545651525259,0.6736123561859131,0.6289118528366089,-0.014355948194861412,0.6662484407424927,0.5682206749916077,-0.01593439280986786,0.6597885489463806,0.5219000577926636,-0.016789676621556282,0.7120773792266846,0.5656561851501465,0.0033642956987023354,0.7026267647743225,0.49875712394714355,-0.005809245631098747,0.6970899105072021,0.4577445983886719,-0.01550823263823986,0.6949032545089722,0.42247962951660156,-0.02293621003627777,0.7434889078140259,0.5641748309135437,8.493421773891896e-05,0.7455334663391113,0.4923098683357239,-0.00513747613877058,0.7468652725219727,0.44706082344055176,-0.013090190477669239,0.7484737634658813,0.41087275743484497,-0.019376935437321663,0.7722893357276917,0.5776291489601135,-0.006702185608446598,0.7829948663711548,0.511653482913971,-0.014192345552146435,0.7878325581550598,0.47073453664779663,-0.019815508276224136,0.7905128598213196,0.436343789100647,-0.024082215502858162,0.7979245781898499,0.6036363840103149,-0.015454322099685669,0.8126753568649292,0.5535380244255066,-0.022185608744621277,0.8202489614486694,0.5204387903213501,-0.023641018196940422,0.8256170749664307,0.49061131477355957,-0.02461056038737297
0.7371617555618286,0.7570068836212158,2.0653168064654892e-07,0.6944328546524048,0.7075272798538208,-0.012052006088197231,0.6724729537963867,0.6319908499717712,-0.013064567930996418,0.6663521528244019,0.5706146955490112,-0.014467324130237103,0.6608325839042664,0.5239154100418091,-0.015111722983419895,0.7129867076873779,0.5675110816955566,0.0056851585395634174,0.7048603296279907,0.49904105067253113,-0.003437370527535677,0.701130211353302,0.4572771191596985,-0.013182360678911209,0.7004715800285339,0.4210253655910492,-0.02057703584432602,0.744713544845581,0.56633460521698,0.00212168344296515,0.7485621571540833,0.49297600984573364,-0.002751212799921632,0.7518838047981262,0.44616734981536865,-0.010550634004175663,0.7550110220909119,0.40827828645706177,-0.016803886741399765,0.7728012204170227,0.5805528163909912,-0.005081515293568373,0.7851591110229492,0.5161870121955872,-0.012135414406657219,0.7930240035057068,0.47560983896255493,-0.01764681190252304,0.7982519268989563,0.4415716826915741,-0.021884888410568237,0.7972674369812012,0.6068200469017029,-0.014282620511949062,0.8133358955383301,0.5581974983215332,-0.02046993561089039,0.8231008052825928,0.5258276462554932,-0.02171688713133335,0.8307437896728516,0.4964233636856079,-0.02263152226805687
0.7244106531143188,0.7571738958358765,1.9408425089295633e-07,0.682445228099823,0.7107358574867249,-0.011749361641705036,0.6595416069030762,0.6375120282173157,-0.013676010072231293,0.6556785702705383,0.5779017806053162,-0.015856333076953888,0.6500625610351562,0.5314971208572388,-0.017464281991124153,0.697841227054596,0.5678305625915527,0.0028690858744084835,0.6887969970703125,0.5002855658531189,-0.006842486560344696,0.6851750016212463,0.45865005254745483,-0.016501151025295258,0.6844692230224609,0.42328763008117676,-0.02377505972981453,0.7304515838623047,0.5667240619659424,-0.0014778926270082593,0.7358606457710266,0.4937558174133301,-0.007615041919052601,0.7399575114250183,0.44935017824172974,-0.015564610250294209,0.7445511221885681,0.41408973932266235,-0.021765686571598053,0.7585861086845398,0.5818420052528381,-0.009248623624444008,0.7728858590126038,0.5162022113800049,-0.017833877354860306,0.7817472219467163,0.4745025932788849,-0.02451823279261589,0.7888377904891968,0.4387044906616211,-0.029612582176923752,0.7830497026443481,0.6097031831741333,-0.018760595470666885,0.800564169883728,0.5616101026535034,-0.02682834304869175,0.8103237152099609,0.5288959741592407,-0.029414208605885506,0.81783127784729,0.4982103109359741,-0.031276680529117584
0.7067208886146545,0.7589946985244751,1.9019854846646922e-07,0.6667273044586182,0.7153838276863098,-0.013232403434813023,0.6416441798210144,0.645927906036377,-0.016910476610064507,0.6329333186149597,0.5887650847434998,-0.020882682874798775,0.6225014328956604,0.5432378053665161,-0.024538114666938782,0.6780174374580383,0.5712920427322388,-2.8161821319372393e-05,0.6680485010147095,0.503957986831665,-0.012753806076943874,0.6616608500480652,0.46251770853996277,-0.025149114429950714,0.6580269932746887,0.4261862635612488,-0.03448544070124626,0.7071627378463745,0.5690064430236816,-0.004475210793316364,0.7090311050415039,0.4944995641708374,-0.01418003998696804,0.7106178998947144,0.44785305857658386,-0.025031505152583122,0.7124738693237305,0.4098156690597534,-0.03354569897055626,0.733296811580658,0.5826326608657837,-0.012468704953789711,0.7472302913665771,0.5176080465316772,-0.0241364985704422,0.7561644315719604,0.47489094734191895,-0.033194053918123245,0.7620089054107666,0.4392242431640625,-0.03983662277460098,0.7576993703842163,0.6096718907356262,-0.022319409996271133,0.7746284008026123,0.5619049072265625,-0.03320099413394928,0.7828165888786316,0.5282886624336243,-0.038155559450387955,0.7878265976905823,0.49747389554977417,-0.041789695620536804
0.6920024156570435,0.7595553398132324,1.9352916069692583e-07,0.6472734212875366,0.7201968431472778,-0.015981124714016914,0.6147153377532959,0.652830958366394,-0.02208835445344448,0.597845196723938,0.5972743630409241,-0.02818755991756916,0.582851231098175,0.5551350712776184,-0.03388628736138344,0.6441192626953125,0.5741075873374939,-0.0014365194365382195,0.6336081027984619,0.5098055005073547,-0.015624798834323883,0.6267168521881104,0.4692765176296234,-0.02938961423933506,0.6214781403541565,0.4359845519065857,-0.03930152580142021,0.673892617225647,0.5679287910461426,-0.005401126574724913,0.6714486479759216,0.49580952525138855,-0.017055917531251907,0.66741943359375,0.45377117395401,-0.02943342924118042,0.6631630063056946,0.4203770160675049,-0.03825630247592926,0.7021709680557251,0.5772199034690857,-0.012991432100534439,0.7035140991210938,0.5098488330841064,-0.025396211072802544,0.7035277485847473,0.4715605676174164,-0.032932378351688385,0.702747106552124,0.4397231340408325,-0.038034696131944656,0.7293730974197388,0.6001099348068237,-0.022819530218839645,0.7378091216087341,0.5499297976493835,-0.03346138820052147,0.7429128885269165,0.5169427990913391,-0.03684377670288086,0.7479353547096252,0.4885365068912506,-0.0386982299387455
0.6648607850074768,0.75663161277771,1.619284546450217e-07,0.6212372779846191,0.723953127861023,-0.018300684168934822,0.5830012559890747,0.6619177460670471,-0.02730238437652588,0.5601582527160645,0.6112909913063049,-0.035926882177591324,0.5403161644935608,0.5731931328773499,-0.04416095092892647,0.6097459197044373,0.573983371257782,-0.006778443232178688,0.5909470915794373,0.5109581351280212,-0.024548916146159172,0.5758792161941528,0.4725949764251709,-0.04095746949315071,0.5635005831718445,0.4428139925003052,-0.05216361954808235,0.6382426023483276,0.5649858713150024,-0.010432847775518894,0.6227251887321472,0.4941141605377197,-0.026097223162651062,0.6090716123580933,0.455292284488678,-0.040703024715185165,0.5960261821746826,0.4269266128540039,-0.05042421445250511,0.6666373014450073,0.5689440369606018,-0.017776135355234146,0.6571868658065796,0.5005224943161011,-0.03348588943481445,0.6474750638008118,0.458398699760437,-0.04201064631342888,0.6369685530662537,0.4244404733181,-0.04690494015812874,0.6958966255187988,0.5849132537841797,-0.027367323637008667,0.697508692741394,0.5292168259620667,-0.039570532739162445,0.6948309540748596,0.4946557879447937,-0.04270981252193451,0.689781665802002,0.4666035771369934,-0.043839242309331894
0.5821320414543152,0.7522051334381104,1.9851535171255819e-07,0.5338924527168274,0.760016679763794,-0.016086945310235023,0.4857385754585266,0.7322058081626892,-0.022027473896741867,0.4534187912940979,0.6989566683769226,-0.02650834061205387,0.42907851934432983,0.6704261898994446,-0.03054359182715416,0.4862101078033447,0.650623083114624,-0.011882939375936985,0.44942325353622437,0.6009392142295837,-0.023594725877046585,0.42672592401504517,0.571688711643219,-0.03337252885103226,0.4077439308166504,0.5487229228019714,-0.040308691561222076,0.5092952847480774,0.6220124959945679,-0.01377507857978344,0.4790208637714386,0.5593451261520386,-0.02186768129467964,0.4596708118915558,0.5231047868728638,-0.03022662363946438,0.4443490505218506,0.4984126687049866,-0.036446359008550644,0.5351865291595459,0.6064772009849548,-0.018229598179459572,0.5134264230728149,0.5428315997123718,-0.02775905281305313,0.49913883209228516,0.5072561502456665,-0.03449731692671776,0.4864676296710968,0.4815255105495453,-0.03914514183998108,0.5636425614356995,0.6019269824028015,-0.024295182898640633,0.5524809956550598,0.5492460131645203,-0.033787887543439865,0.5428535342216492,0.517905592918396,-0.03715348616242409,0.5336952209472656,0.4942407011985779,-0.03894567862153053
0.6284999847412109,0.7659509181976318,7.400507229249342e-08,0.6040786504745483,0.7391403913497925,-0.011043521575629711,0.5821957588195801,0.6911191344261169,-0.008882668800652027,0.5652514696121216,0.6404427289962769,-0.007171806879341602,0.5467798113822937,0.6035338640213013,-0.003773914184421301,0.5474778413772583,0.6280183792114258,0.01283616479486227,0.5137372016906738,0.5639799237251282,0.012660291977226734,0.49338996410369873,0.5257026553153992,0.01011998113244772,0.47861021757125854,0.49787813425064087,0.007351797539740801,0.5519758462905884,0.6096510887145996,0.01306554488837719,0.5164563655853271,0.5402815341949463,0.012725775130093098,0.4947432279586792,0.5045995712280273,0.00698856171220541,0.47720232605934143,0.4813949465751648,0.00242892699316144,0.5615910887718201,0.599408745765686,0.010195543058216572,0.5322249531745911,0.538662314414978,0.009017514064908028,0.5105354189872742,0.5037221908569336,0.00027919362764805555,0.49180835485458374,0.48166584968566895,-0.006680309772491455,0.5777645111083984,0.5969618558883667,0.0054765366949141026,0.5604843497276306,0.5469203591346741,0.0037700494285672903,0.5433722138404846,0.5179942846298218,-0.0007102853851392865,0.5264354944229126,0.49588653445243835,-0.004396481439471245
0.5930044651031494,0.7684170007705688,2.3442075303137244e-07,0.5340021848678589,0.7655267715454102,-0.014719475992023945,0.4808982312679291,0.7369692325592041,-0.01764361932873726,0.44710573554039,0.6939567923545837,-0.020289534702897072,0.4188649356365204,0.6622799038887024,-0.021691305562853813,0.4720715880393982,0.6514810919761658,0.008208566345274448,0.4315768778324127,0.6063887476921082,0.001130719087086618,0.40932148694992065,0.5802403092384338,-0.007731024641543627,0.3904482126235962,0.556489109992981,-0.014153127558529377,0.49436283111572266,0.6237653493881226,0.007010287139564753,0.4604514241218567,0.5638663172721863,0.0043276394717395306,0.44077783823013306,0.5315696001052856,-0.001940918155014515,0.424862265586853,0.5071261525154114,-0.006986673455685377,0.5209195613861084,0.6099013090133667,0.0015527234645560384,0.4951770305633545,0.5500915050506592,-0.002548041520640254,0.478609561920166,0.5176926851272583,-0.007504829205572605,0.46446317434310913,0.49211063981056213,-0.011427725665271282,0.551879346370697,0.6059509515762329,-0.006355556659400463,0.5328795313835144,0.5578961372375488,-0.010138018988072872,0.519022524356842,0.530380129814148,-0.011261193081736565,0.5052981972694397,0.506853461265564,-0.012028050608932972
0.5761996507644653,0.7697709798812866,1.9893775515811285e-07,0.5209023952484131,0.7740864753723145,-0.015121429227292538,0.4676356017589569,0.7466722130775452,-0.01839565858244896,0.4336543381214142,0.7085411548614502,-0.021294672042131424,0.40352970361709595,0.6798745393753052,-0.02323610708117485,0.4632464349269867,0.658551812171936,0.0037408904172480106,0.42199450731277466,0.6185665130615234,-0.005174522288143635,0.39813536405563354,0.5950527787208557,-0.014737972989678383,0.37816232442855835,0.5724853873252869,-0.021885620430111885,0.48420941829681396,0.6306053996086121,0.0021608651150017977,0.44859588146209717,0.5742791295051575,-0.0025774422101676464,0.42763566970825195,0.5426096320152283,-0.00929257646203041,0.41102349758148193,0.5174134373664856,-0.014889955520629883,0.5089293718338013,0.6162972450256348,-0.003446766873821616,0.4817279279232025,0.559397280216217,-0.009736806154251099,0.46499887108802795,0.5279266238212585,-0.013839193619787693,0.4496670961380005,0.501397967338562,-0.017284279689192772,0.5371749997138977,0.6118647456169128,-0.011464288458228111,0.5178900361061096,0.5650591850280762,-0.016970194876194,0.5050022602081299,0.5373964309692383,-0.017880406230688095,0.4920659065246582,0.512741208076477,-0.018750648945569992
0.5743415355682373,0.7663487195968628,1.6441471473171987e-07,0.5203582048416138,0.7724985480308533,-0.0145175252109766,0.46819883584976196,0.7470165491104126,-0.017663387581706047,0.4347515404224396,0.7088202238082886,-0.02065941132605076,0.40609243512153625,0.6808711886405945,-0.0227352324873209,0.4623887836933136,0.6601551175117493,0.004110250156372786,0.4219623804092407,0.6205523610115051,-0.005188196897506714,0.3979035019874573,0.5978759527206421,-0.015131626278162003,0.3778461813926697,0.576635479927063,-0.022449137642979622,0.4835314154624939,0.6307119727134705,0.0018787200096994638,0.44835659861564636,0.5757819414138794,-0.0036702388897538185,0.4268344044685364,0.5438380837440491,-0.0112762451171875,0.40942203998565674,0.5173136591911316,-0.017204394564032555,0.5080395340919495,0.6154655814170837,-0.004307564813643694,0.4802883267402649,0.5596386790275574,-0.011751288548111916,0.4631923735141754,0.5275974869728088,-0.016840722411870956,0.44761258363723755,0.5002775192260742,-0.020594650879502296,0.5358237028121948,0.6099554300308228,-0.012718716636300087,0.5159053206443787,0.5637506246566772,-0.019034866243600845,0.5022678375244141,0.5352545976638794,-0.020222848281264305,0.48849502205848694,0.5094446539878845,-0.021041767671704292
0.5777596235275269,0.7632281184196472,1.5364652483640384e-07,0.5239825248718262,0.7686814069747925,-0.011629593558609486,0.4723871052265167,0.7411560416221619,-0.013568911701440811,0.44009366631507874,0.7005850076675415,-0.015921249985694885,0.41364800930023193,0.6717750430107117,-0.017556482926011086,0.4666220545768738,0.6540955305099487,0.005348441191017628,0.42717623710632324,0.6110222339630127,-0.003951377235352993,0.4031711220741272,0.5882408618927002,-0.014059582725167274,0.38267073035240173,0.5688694715499878,-0.02127275988459587,0.4880874454975128,0.6255403757095337,0.0018015296664088964,0.45458337664604187,0.5687364339828491,-0.0034441112075001,0.43388599157333374,0.5364935398101807,-0.011539140716195107,0.41699329018592834,0.5109992027282715,-0.017738448455929756,0.5130517482757568,0.6108038425445557,-0.005265404004603624,0.487259179353714,0.5535903573036194,-0.012027213349938393,0.47093042731285095,0.5218138694763184,-0.0171697735786438,0.45620688796043396,0.4963188171386719,-0.021028421819210052,0.5414232015609741,0.6066631078720093,-0.014289370737969875,0.5237764120101929,0.5601367950439453,-0.020068710669875145,0.5112349987030029,0.5319676399230957,-0.020836113020777702,0.4989232122898102,0.5078960061073303,-0.021247779950499535
0.5887742638587952,0.7619016766548157,1.6115581047415617e-07,0.5351916551589966,0.7622870206832886,-0.012172776274383068,0.48550283908843994,0.7325786352157593,-0.0158989280462265,0.45404207706451416,0.6954238414764404,-0.01990239880979061,0.4323168992996216,0.6658399701118469,-0.02306259050965309,0.4812338948249817,0.6454322338104248,0.0016189443413168192,0.4417908787727356,0.5987391471862793,-0.007894488051533699,0.417824387550354,0.5724344253540039,-0.0174049511551857,0.3976077139377594,0.5509196519851685,-0.024407049641013145,0.5031380653381348,0.6168471574783325,-0.002285345457494259,0.46964776515960693,0.5569936037063599,-0.008446712978184223,0.44892600178718567,0.5236719846725464,-0.016376040875911713,0.43214625120162964,0.4996156096458435,-0.022267555817961693,0.528594970703125,0.6017652153968811,-0.009315459057688713,0.5038243532180786,0.5401929616928101,-0.01633242331445217,0.4879801571369171,0.5073981285095215,-0.02080819383263588,0.4740737974643707,0.48290014266967773,-0.024207398295402527,0.5574411153793335,0.5982235074043274,-0.01823541894555092,0.5429299473762512,0.5492873787879944,-0.024165090173482895,0.5313595533370972,0.5189552903175354,-0.024532141163945198,0.520416796207428,0.49451708793640137,-0.02453906275331974
0.6394731998443604,0.7678990960121155,1.9854317656609055e-07,0.5895782113075256,0.7363101840019226,-0.016966022551059723,0.5471416115760803,0.6706370115280151,-0.022009292617440224,0.5243286490440369,0.6148248314857483,-0.027765756472945213,0.5034652948379517,0.5789079666137695,-0.03291068598628044,0.560795783996582,0.6169498562812805,-0.014742862433195114,0.544033944606781,0.5438590049743652,-0.03297040984034538,0.5299021601676941,0.505606472492218,-0.04326586052775383,0.5129469633102417,0.4825924336910248,-0.04880187660455704,0.586014449596405,0.6114842891693115,-0.018713101744651794,0.5706547498703003,0.538814902305603,-0.03855244070291519,0.550521194934845,0.504311740398407,-0.048874903470277786,0.5314090251922607,0.487118661403656,-0.0534517802298069,0.6139740347862244,0.6206872463226318,-0.025813620537519455,0.6185410022735596,0.5731269121170044,-0.05576617270708084,0.6322409510612488,0.5805128216743469,-0.06336270272731781,0.6458978056907654,0.5969723463058472,-0.0601811408996582,0.6421914100646973,0.6407812833786011,-0.03366566449403763,0.6498129963874817,0.6017749309539795,-0.057332102209329605,0.6597510576248169,0.6018434762954712,-0.06120181083679199,0.6701865196228027,0.6110250353813171,-0.05882185697555542
0.660820722579956,0.7668588161468506,2.4372289431084937e-07,0.6137229204177856,0.7237555384635925,-0.018169837072491646,0.5773112773895264,0.6541196703910828,-0.027234302833676338,0.5582472681999207,0.5988338589668274,-0.03506508097052574,0.5401966571807861,0.554070234298706,-0.04308292642235756,0.6088300943374634,0.5761673450469971,-0.017018714919686317,0.6042938828468323,0.5101907849311829,-0.03698743134737015,0.595379114151001,0.4656369090080261,-0.05469733476638794,0.5855701565742493,0.4309040307998657,-0.0671798437833786,0.6389366984367371,0.5721219182014465,-0.020176876336336136,0.6388859152793884,0.4976080656051636,-0.03737947344779968,0.6298264861106873,0.4525536298751831,-0.05241785943508148,0.6184377670288086,0.4183923602104187,-0.0628179982304573,0.6687808036804199,0.5817528367042542,-0.025737294927239418,0.6723026037216187,0.5117003917694092,-0.042266082018613815,0.6655299067497253,0.4649982750415802,-0.048674385994672775,0.6563633680343628,0.42790281772613525,-0.052335016429424286,0.6988176107406616,0.6041665077209473,-0.03326483443379402,0.7032480239868164,0.5490674376487732,-0.046860985457897186,0.7002790570259094,0.5106613636016846,-0.04881923273205757,0.6948955655097961,0.4804018437862396,-0.049061115831136703
0.6866852641105652,0.7615035772323608,1.8305046012301318e-07,0.6410009860992432,0.7188175320625305,-0.017372719943523407,0.6102250814437866,0.6451941728591919,-0.024139130488038063,0.596937894821167,0.5840560793876648,-0.03073113225400448,0.5793993473052979,0.5406506657600403,-0.03723404183983803,0.6413965821266174,0.5695719122886658,-0.00817142240703106,0.6273979544639587,0.5033778548240662,-0.025669768452644348,0.6172223091125488,0.4610356390476227,-0.04136603698134422,0.607495903968811,0.424356609582901,-0.052470386028289795,0.6732473373413086,0.5626063346862793,-0.012555749155580997,0.6729963421821594,0.4860275685787201,-0.026370378211140633,0.6683469414710999,0.44082874059677124,-0.03987066447734833,0.661630392074585,0.4057205319404602,-0.04927144944667816,0.702366054058075,0.5720331072807312,-0.020268386229872704,0.7075859308242798,0.501882791519165,-0.0346449576318264,0.7080681324005127,0.458029568195343,-0.0431249663233757,0.706478476524353,0.4218875765800476,-0.04864834249019623,0.7297160625457764,0.595565140247345,-0.030174382030963898,0.7382327914237976,0.5415895581245422,-0.0418907105922699,0.742537260055542,0.5080630779266357,-0.04454891383647919,0.744892418384552,0.48136818408966064,-0.04580781236290932
0.7036660313606262,0.7618363499641418,1.8285783198734862e-07,0.6594955325126648,0.7152880430221558,-0.013691090978682041,0.6350312232971191,0.6404701471328735,-0.01651638373732567,0.6276221871376038,0.5782330632209778,-0.019618768244981766,0.6160146594047546,0.5321677923202515,-0.022254837676882744,0.6696733236312866,0.568462073802948,-0.0010015344014391303,0.6583276391029358,0.4990542531013489,-0.013503900729119778,0.6517153978347778,0.4557015299797058,-0.025039182975888252,0.6482377648353577,0.41744691133499146,-0.03369373455643654,0.701614260673523,0.5653456449508667,-0.005641545169055462,0.7011309862136841,0.4873659610748291,-0.014578267931938171,0.701863169670105,0.43834999203681946,-0.024492550641298294,0.7037086486816406,0.3991943597793579,-0.03202080354094505,0.7304422855377197,0.5795488357543945,-0.013689075596630573,0.7410098314285278,0.5089364647865295,-0.024946298450231552,0.7472507953643799,0.46649014949798584,-0.031806088984012604,0.7514774203300476,0.4310149550437927,-0.03654053062200546,0.7575781345367432,0.6078318953514099,-0.023709895089268684,0.7712674140930176,0.5556305050849915,-0.03385726734995842,0.7774280905723572,0.5207425355911255,-0.03650655224919319,0.7807187438011169,0.4899475872516632,-0.038139548152685165
0.7191981673240662,0.7643700242042542,1.7093420012770366e-07,0.6766869425773621,0.7134743332862854,-0.013477400876581669,0.6532226800918579,0.6365442276000977,-0.016506684944033623,0.6443352699279785,0.5753272771835327,-0.019794465973973274,0.6388335824012756,0.5258007049560547,-0.022235732525587082,0.6948885321617126,0.5671823620796204,0.0007945565739646554,0.686012327671051,0.49652451276779175,-0.011619762517511845,0.6804540753364563,0.45227283239364624,-0.02338549681007862,0.6770856976509094,0.4145593047142029,-0.03193843364715576,0.7267738580703735,0.5671548843383789,-0.003260277444496751,0.7307597398757935,0.49250537157058716,-0.011602598242461681,0.7318627238273621,0.4464486539363861,-0.020784735679626465,0.7315603494644165,0.4091476798057556,-0.027538657188415527,0.7557774782180786,0.5822759866714478,-0.010872970335185528,0.7685919404029846,0.5149893760681152,-0.020561058074235916,0.7743828296661377,0.4723586142063141,-0.025746600702404976,0.7773589491844177,0.43551528453826904,-0.029314810410141945,0.7816854119300842,0.6109851002693176,-0.02059647999703884,0.7984670400619507,0.5603280067443848,-0.028539950028061867,0.8068546652793884,0.5262385606765747,-0.029511820524930954,0.8126300573348999,0.4955712556838989,-0.029835086315870285
0.7307721972465515,0.7657459378242493,2.120844726505311e-07,0.6862133145332336,0.7124155163764954,-0.012461001053452492,0.663931667804718,0.6315285563468933,-0.01342044584453106,0.6593583822250366,0.5687886476516724,-0.014636075124144554,0.6576611995697021,0.5215784907341003,-0.015086028724908829,0.7096557021141052,0.5687108635902405,0.0027916147373616695,0.7033587694168091,0.49392980337142944,-0.006087661720812321,0.7008444666862488,0.4496617913246155,-0.01514731626957655,0.7005589604377747,0.4118674397468567,-0.022146593779325485,0.7425490021705627,0.5696024298667908,-0.001009624800644815,0.7508600950241089,0.49178898334503174,-0.006169723812490702,0.7555016875267029,0.44465208053588867,-0.014100147411227226,0.7593679428100586,0.4066895842552185,-0.02040783315896988,0.7715132236480713,0.5851330757141113,-0.008219952695071697,0.7876763939857483,0.5158419013023376,-0.015880579128861427,0.7961099743843079,0.4727396070957184,-0.022200368344783783,0.801827073097229,0.43580546975135803,-0.027087457478046417,0.7966476082801819,0.6130260825157166,-0.01729682646691799,0.8154793977737427,0.5622554421424866,-0.02449019066989422,0.8260934948921204,0.5296412110328674,-0.026266487315297127,0.8341703414916992,0.5003297328948975,-0.027539489790797234
0.735156238079071,0.7695750594139099,2.3440505003691214e-07,0.6918028593063354,0.715223491191864,-0.015940790995955467,0.6718975901603699,0.6343367099761963,-0.018789300695061684,0.6686589121818542,0.5687472224235535,-0.02118198573589325,0.6672430038452148,0.5189856290817261,-0.022484412416815758,0.7182366847991943,0.5681508779525757,0.0004954130272381008,0.714716374874115,0.4943310022354126,-0.009577058255672455,0.7123719453811646,0.4494006037712097,-0.01974446140229702,0.7126993536949158,0.41004180908203125,-0.027526479214429855,0.7520657181739807,0.5705506205558777,-0.0020171545911580324,0.761242151260376,0.493497371673584,-0.007336739916354418,0.7675067186355591,0.4447978138923645,-0.015075840055942535,0.7735518217086792,0.4048798978328705,-0.021402202546596527,0.7810973525047302,0.5890925526618958,-0.008355868980288506,0.7985157370567322,0.5210641622543335,-0.015836210921406746,0.808887779712677,0.4791761040687561,-0.020916027948260307,0.8166520595550537,0.442785382270813,-0.02498054690659046,0.8053089380264282,0.6201084852218628,-0.01704958826303482,0.8235393166542053,0.5691758394241333,-0.023786429315805435,0.8343304395675659,0.5360027551651001,-0.02463759109377861,0.8433159589767456,0.5052893161773682,-0.025224849581718445
0.7367640733718872,0.7729768753051758,2.3123357095755637e-07,0.6938969492912292,0.7173883318901062,-0.014405684545636177,0.6739296317100525,0.6364874243736267,-0.016667095944285393,0.6704742312431335,0.5704702734947205,-0.019015416502952576,0.6693335175514221,0.519338846206665,-0.020329352468252182,0.721571147441864,0.5699607133865356,0.004486444406211376,0.7166675329208374,0.4966959059238434,-0.005612735170871019,0.7149518728256226,0.45255517959594727,-0.016475770622491837,0.7171475887298584,0.41364559531211853,-0.02470603585243225,0.7555303573608398,0.5707862377166748,0.0012400776613503695,0.7643749117851257,0.49287915229797363,-0.003507201559841633,0.7715361714363098,0.44321367144584656,-0.011374138295650482,0.778805136680603,0.4034760892391205,-0.01779545284807682,0.7845167517662048,0.5887458920478821,-0.006036730948835611,0.8015177249908447,0.5206172466278076,-0.012735496275126934,0.8132721185684204,0.4787008464336395,-0.01759398728609085,0.8226524591445923,0.4429898262023926,-0.02161198854446411,0.8085943460464478,0.6195202469825745,-0.015691015869379044,0.8267686367034912,0.5696913599967957,-0.02189626544713974,0.8379841446876526,0.5363266468048096,-0.022620821371674538,0.8477641940116882,0.5055019855499268,-0.023127244785428047
0.7052854299545288,0.7820100784301758,1.9545620943972608e-07,0.6576497554779053,0.7324221134185791,-0.015624637715518475,0.629709780216217,0.6542205214500427,-0.01952906884253025,0.6213422417640686,0.5894373059272766,-0.023681646212935448,0.6093347668647766,0.5402950644493103,-0.0271732360124588,0.6673665642738342,0.5749036073684692,0.0022542469669133425,0.6552892923355103,0.5007872581481934,-0.010042250156402588,0.6484248638153076,0.45373955368995667,-0.02272956259548664,0.6448255777359009,0.4142477810382843,-0.03213747218251228,0.7000239491462708,0.5707176327705383,-0.0017979696858674288,0.6997711658477783,0.48967498540878296,-0.010279438458383083,0.69997239112854,0.43724584579467773,-0.02089070901274681,0.7007246017456055,0.3962099254131317,-0.029134197160601616,0.7300172448158264,0.5838044881820679,-0.010085376910865307,0.7405696511268616,0.5115023851394653,-0.019394639879465103,0.7470075488090515,0.46474599838256836,-0.028137890622019768,0.7511411309242249,0.4265231490135193,-0.034697502851486206,0.7584165334701538,0.6115792989730835,-0.020873967558145523,0.7726536393165588,0.5557785034179688,-0.02923637442290783,0.7790504693984985,0.5172677636146545,-0.03334173187613487,0.7831408977508545,0.48205330967903137,-0.03634965047240257
0.6873134970664978,0.776341438293457,2.763176496500819e-07,0.6381800174713135,0.7365865707397461,-0.02164989896118641,0.601881742477417,0.6632685661315918,-0.030324619263410568,0.5855200290679932,0.5980375409126282,-0.03792157024145126,0.5681096315383911,0.5483812689781189,-0.0447547510266304,0.6308475136756897,0.5767358541488647,-0.007812820374965668,0.6178259253501892,0.5063246488571167,-0.024746596813201904,0.6091969013214111,0.4629996418952942,-0.04057784005999565,0.6029540300369263,0.42541664838790894,-0.05198006331920624,0.665361225605011,0.566021740436554,-0.00991220586001873,0.6668264269828796,0.4830789566040039,-0.02236669883131981,0.6654735207557678,0.4339454174041748,-0.035251256078481674,0.6629106998443604,0.39631158113479614,-0.04489848390221596,0.6971008777618408,0.5751084089279175,-0.016274817287921906,0.7035961151123047,0.5009725093841553,-0.029554346576333046,0.7066065669059753,0.45436257123947144,-0.03915402293205261,0.7065562605857849,0.4175882935523987,-0.046191904693841934,0.7264903783798218,0.59989333152771,-0.025331513956189156,0.7373152375221252,0.5460951328277588,-0.03726724535226822,0.7430962324142456,0.5095865726470947,-0.04235777258872986,0.7466216087341309,0.47948265075683594,-0.045848239213228226
0.6598224639892578,0.7779764533042908,1.68617418694339e-07,0.609264075756073,0.7353344559669495,-0.014114366844296455,0.5691995620727539,0.6653370261192322,-0.019316447898745537,0.548317551612854,0.6099879741668701,-0.0247566569596529,0.5308168530464172,0.5673037171363831,-0.02966400608420372,0.6037454605102539,0.5732119083404541,0.0006100669852457941,0.5882363319396973,0.5037133693695068,-0.01564675383269787,0.5744935274124146,0.4642864465713501,-0.03146632760763168,0.5606648921966553,0.43389520049095154,-0.04193083569407463,0.637596845626831,0.5652908086776733,-0.004754472058266401,0.6328670382499695,0.4843417704105377,-0.016654765233397484,0.6252674460411072,0.43949294090270996,-0.029634999111294746,0.6156830787658691,0.4061664938926697,-0.03860815614461899,0.6698119044303894,0.5740228891372681,-0.013868761248886585,0.6715685725212097,0.49886396527290344,-0.026229823008179665,0.66843181848526,0.45232343673706055,-0.03301996737718582,0.6616990566253662,0.4144352078437805,-0.037349339574575424,0.7010939121246338,0.5974588394165039,-0.025040024891495705,0.705605685710907,0.53703773021698,-0.03487684950232506,0.7039886713027954,0.5005724430084229,-0.03594692051410675,0.698733925819397,0.4714227318763733,-0.03588493913412094
0.6583499312400818,0.7781806588172913,1.0155869034633724e-07,0.6073629260063171,0.7351782321929932,-0.012538188137114048,0.5692561864852905,0.6641935110092163,-0.018187236040830612,0.5500348806381226,0.6072669625282288,-0.024550575762987137,0.5323083996772766,0.563184916973114,-0.030881982296705246,0.6043336987495422,0.575017511844635,-0.0015865579480305314,0.5893955230712891,0.5052644610404968,-0.019870996475219727,0.5748619437217712,0.4645196199417114,-0.0372152104973793,0.5602709054946899,0.43314987421035767,-0.048948951065540314,0.6372777223587036,0.5666006207466125,-0.008282780647277832,0.6324746608734131,0.4848807454109192,-0.022806989029049873,0.6236473917961121,0.43890464305877686,-0.03749794140458107,0.6119437217712402,0.4052382707595825,-0.04777245968580246,0.668639063835144,0.574073314666748,-0.018410807475447655,0.6697000861167908,0.4975084066390991,-0.03262445703148842,0.6648521423339844,0.4495145082473755,-0.041001223027706146,0.6559910774230957,0.4108865559101105,-0.04663331061601639,0.6991883516311646,0.5963767170906067,-0.030329348519444466,0.7057085037231445,0.5355643033981323,-0.04163483530282974,0.7041069269180298,0.49787506461143494,-0.04403897002339363,0.6975594162940979,0.4683666229248047,-0.04516743868589401
0.6542251110076904,0.7823514938354492,1.1622434215041721e-07,0.5973252058029175,0.7516821622848511,-0.018644580617547035,0.5479838848114014,0.6912769079208374,-0.025991743430495262,0.5189915299415588,0.6382675170898438,-0.033143382519483566,0.4994695782661438,0.5964842438697815,-0.03928006812930107,0.5676270723342896,0.5982738137245178,-0.00031864625634625554,0.5436641573905945,0.5310136079788208,-0.014867212623357773,0.5280205607414246,0.4903486371040344,-0.029673093929886818,0.5131000280380249,0.45756083726882935,-0.04035321995615959,0.5976930260658264,0.5807063579559326,-0.0029590055346488953,0.577771782875061,0.5027443170547485,-0.014794289134442806,0.5622349977493286,0.4603019952774048,-0.026202891021966934,0.5468273758888245,0.4309300184249878,-0.03421815112233162,0.6286831498146057,0.5786149501800537,-0.01000349409878254,0.6174882650375366,0.5025887489318848,-0.02211916260421276,0.6076317429542542,0.4562419652938843,-0.02834654413163662,0.5977432131767273,0.4210667908191681,-0.032216526567935944,0.6610926985740662,0.5896416902542114,-0.019657066091895103,0.6573066115379333,0.5244711637496948,-0.029362592846155167,0.6513444185256958,0.48162442445755005,-0.03134150430560112,0.6448643803596497,0.44397804141044617,-0.032093968242406845
0.5438430905342102,0.784821093082428,2.128481213503619e-07,0.49578168988227844,0.806327223777771,-0.023220153525471687,0.4421461522579193,0.7873333692550659,-0.03418317437171936,0.40813663601875305,0.7537423372268677,-0.04231433942914009,0.3816434144973755,0.7226314544677734,-0.05000930652022362,0.4384435713291168,0.6881369948387146,-0.023689398542046547,0.395660400390625,0.6406314373016357,-0.039906371384859085,0.3682363033294678,0.61416095495224,-0.052906859666109085,0.34503230452537537,0.5935074687004089,-0.06204119324684143,0.4608162045478821,0.6533774137496948,-0.024156631901860237,0.4230818450450897,0.5887174606323242,-0.03606149181723595,0.3968261480331421,0.5517420172691345,-0.04677630960941315,0.3763253390789032,0.5262884497642517,-0.05465094372630119,0.48773854970932007,0.6347903609275818,-0.027544276788830757,0.4587855637073517,0.5677716732025146,-0.040100421756505966,0.4397537112236023,0.529485285282135,-0.04852374643087387,0.42379680275917053,0.49996042251586914,-0.0543070062994957,0.5179837942123413,0.6293800473213196,-0.033047862350940704,0.4994165301322937,0.5739303231239319,-0.045136671513319016,0.48566117882728577,0.5404623746871948,-0.04954416677355766,0.4736742079257965,0.5139226913452148,-0.052025631070137024
0.6000500321388245,0.7852509021759033,7.584682037986568e-08,0.5536980032920837,0.7600427865982056,-0.0034466555807739496,0.5144147872924805,0.7103435397148132,0.0019250084878876805,0.48505404591560364,0.6582418084144592,0.005346411373466253,0.4601688086986542,0.619378924369812,0.009475751779973507,0.49602121114730835,0.6450095176696777,0.019759617745876312,0.4494428336620331,0.5844153761863708,0.018871361389756203,0.423279732465744,0.5466974377632141,0.015451503917574883,0.40559661388397217,0.5174249410629272,0.012003019452095032,0.5048980712890625,0.6277168393135071,0.01543921884149313,0.4575968384742737,0.5609056949615479,0.014769951812922955,0.4297480583190918,0.5253179669380188,0.008210591040551662,0.40731167793273926,0.49750378727912903,0.0030494299717247486,0.5182187557220459,0.6198104023933411,0.008271395228803158,0.4802125096321106,0.558493435382843,0.006836785469204187,0.45391684770584106,0.521919846534729,-0.001536671887151897,0.4343627691268921,0.4942748546600342,-0.008206942118704319,0.5372984409332275,0.6221315264701843,-0.0002043131535174325,0.5127125978469849,0.5744174718856812,-0.002899019978940487,0.49297773838043213,0.5443916320800781,-0.0073205349035561085,0.47671639919281006,0.5167415142059326,-0.010791714303195477
0.5589150190353394,0.8100167512893677,2.2863956417040754e-07,0.4955343008041382,0.8192541599273682,-0.013565657660365105,0.4370775520801544,0.7963341474533081,-0.017231715843081474,0.40046846866607666,0.7568661570549011,-0.02124420739710331,0.3680275082588196,0.7313188910484314,-0.02471085824072361,0.4226727783679962,0.7028501033782959,0.006269217934459448,0.3762947618961334,0.6628693342208862,-0.003080023219808936,0.35030198097229004,0.6390795707702637,-0.013569512404501438,0.32957082986831665,0.6168586015701294,-0.021167056635022163,0.44407543540000916,0.6674900650978088,0.0022983450908213854,0.4016042947769165,0.606779932975769,-0.003270493121817708,0.376006543636322,0.571557343006134,-0.011707599274814129,0.3561971187591553,0.5434871315956116,-0.01841294765472412,0.4711601138114929,0.6469286680221558,-0.005798870697617531,0.43736934661865234,0.5842385292053223,-0.012613820843398571,0.41605710983276367,0.5485284924507141,-0.019577329978346825,0.3983575105667114,0.5195148587226868,-0.025071417912840843,0.5037709474563599,0.6368600726127625,-0.01615116372704506,0.47929638624191284,0.5857340097427368,-0.0220101997256279,0.4627586305141449,0.5554835200309753,-0.02406129240989685,0.44715625047683716,0.530083417892456,-0.025715695694088936
0.5376191139221191,0.8192857503890991,2.3127270765144203e-07,0.48069384694099426,0.8359273076057434,-0.014960631728172302,0.4195551872253418,0.8133612871170044,-0.016262350603938103,0.3804550766944885,0.7762249708175659,-0.017499836161732674,0.34593188762664795,0.7543823719024658,-0.018062174320220947,0.4063585102558136,0.7206774353981018,0.004755341913551092,0.3601239025592804,0.6809540390968323,-0.0038368874229490757,0.33371108770370483,0.6561478972434998,-0.012979317456483841,0.3115136921405792,0.6329955458641052,-0.020093608647584915,0.4256562888622284,0.6848675608634949,0.002270716242492199,0.3826450705528259,0.6258196830749512,-0.0031298967078328133,0.35744360089302063,0.5904406309127808,-0.010883442126214504,0.3374480903148651,0.5611813068389893,-0.017228256911039352,0.45112043619155884,0.6645773649215698,-0.004336204379796982,0.41785112023353577,0.6040753722190857,-0.012300544418394566,0.397070974111557,0.5690165162086487,-0.018829314038157463,0.37840473651885986,0.539189875125885,-0.023914748802781105,0.48185598850250244,0.6543790102005005,-0.01324390433728695,0.4583896994590759,0.6042785048484802,-0.02097029611468315,0.4417922794818878,0.5736309885978699,-0.02401011809706688,0.4253585934638977,0.5465575456619263,-0.026448914781212807
0.5346729159355164,0.8197469711303711,1.8716123406647966e-07,0.47803133726119995,0.836354672908783,-0.013465485535562038,0.4171997606754303,0.8109821081161499,-0.014520978555083275,0.3780507743358612,0.7746769785881042,-0.01566700078547001,0.34251222014427185,0.7535881996154785,-0.016305653378367424,0.40366455912590027,0.7196198105812073,0.005871956702321768,0.35717877745628357,0.6820330619812012,-0.002315050456672907,0.32962092757225037,0.659993588924408,-0.011696185916662216,0.30621880292892456,0.6379662156105042,-0.019430816173553467,0.42272329330444336,0.6839698553085327,0.0018642571521922946,0.3782690465450287,0.6290720701217651,-0.0036071990616619587,0.3523723781108856,0.594585120677948,-0.012162935920059681,0.33183836936950684,0.5650829672813416,-0.019261866807937622,0.4481354355812073,0.6641468405723572,-0.0061599696055054665,0.4115196466445923,0.605845034122467,-0.014636505395174026,0.3896631598472595,0.5698895454406738,-0.02229229547083378,0.36942821741104126,0.5383997559547424,-0.028425756841897964,0.478798508644104,0.6544116139411926,-0.016239454969763756,0.4526994228363037,0.6048409342765808,-0.024669593200087547,0.4353923797607422,0.5735054612159729,-0.028368432074785233,0.41783279180526733,0.5444884300231934,-0.031488336622714996
0.5347287654876709,0.8183301687240601,1.7371712601743639e-07,0.47847044467926025,0.8366193771362305,-0.01318447943776846,0.4163780212402344,0.8115540742874146,-0.01369123999029398,0.37689656019210815,0.7745414972305298,-0.01433533150702715,0.3414338231086731,0.7536738514900208,-0.014559049159288406,0.40367749333381653,0.7194526195526123,0.006027852185070515,0.3576779365539551,0.6822503209114075,-0.0019667590968310833,0.3306598663330078,0.6598673462867737,-0.011295689269900322,0.30783936381340027,0.6376432776451111,-0.018997063860297203,0.4228796660900116,0.6836540699005127,0.002020916435867548,0.3783930242061615,0.628543496131897,-0.003377132583409548,0.35213741660118103,0.5938109755516052,-0.012200133875012398,0.33112603425979614,0.5645055174827576,-0.0195140577852726,0.4482545256614685,0.6636426448822021,-0.00596978422254324,0.41214483976364136,0.6060487031936646,-0.014535177499055862,0.3901369273662567,0.5699841380119324,-0.022954320535063744,0.3698618412017822,0.539040207862854,-0.02957415208220482,0.4785979092121124,0.653268575668335,-0.01593739539384842,0.4528120160102844,0.6034718751907349,-0.024426504969596863,0.43529435992240906,0.5723326206207275,-0.02863694541156292,0.41755378246307373,0.5441468358039856,-0.032164912670850754
0.5652735233306885,0.7923700213432312,1.9367584513929614e-07,0.5066784024238586,0.7903883457183838,-0.015256191603839397,0.4542880952358246,0.7603345513343811,-0.021514587104320526,0.4192937910556793,0.7301532626152039,-0.028172077611088753,0.39578527212142944,0.7035031318664551,-0.03419891744852066,0.44664445519447327,0.66572505235672,-0.004893475212156773,0.4045678973197937,0.6132345795631409,-0.018925825133919716,0.37766531109809875,0.5863503217697144,-0.031101522967219353,0.3543461263179779,0.5632956624031067,-0.039730798453092575,0.4693935215473175,0.6343461871147156,-0.009356464259326458,0.4316837787628174,0.5687121748924255,-0.019660795107483864,0.4074709713459015,0.531207799911499,-0.029645979404449463,0.387341171503067,0.5018898844718933,-0.03680069372057915,0.49621668457984924,0.6178157329559326,-0.01726296916604042,0.46955958008766174,0.5501603484153748,-0.028104817494750023,0.4514814019203186,0.51183021068573,-0.03417328745126724,0.43533825874328613,0.4827062487602234,-0.03836842626333237,0.5271364450454712,0.6151210069656372,-0.02733534574508667,0.5113755464553833,0.5596610307693481,-0.03563632816076279,0.49834877252578735,0.5263744592666626,-0.03654085844755173,0.4851037561893463,0.500611424446106,-0.036927856504917145
0.6095035672187805,0.7686032652854919,1.3172905255487422e-07,0.5505260825157166,0.7555843591690063,-0.012687690556049347,0.49359798431396484,0.7119922637939453,-0.01620318368077278,0.46117788553237915,0.6696791648864746,-0.020073847845196724,0.4474726915359497,0.6356760859489441,-0.02400122955441475,0.4980407953262329,0.6212314963340759,-0.003963759634643793,0.4609791338443756,0.5595018863677979,-0.01720501482486725,0.43523335456848145,0.5255059003829956,-0.029300618916749954,0.4110475480556488,0.5003145337104797,-0.038261204957962036,0.5225378274917603,0.5965196490287781,-0.008979342877864838,0.49469128251075745,0.5188677906990051,-0.020144060254096985,0.4706340730190277,0.47985756397247314,-0.03199778124690056,0.4479394555091858,0.4549013078212738,-0.04026537016034126,0.549636721611023,0.58540940284729,-0.016717825084924698,0.5254330039024353,0.5102485418319702,-0.026857176795601845,0.5035623908042908,0.47117698192596436,-0.035124845802783966,0.4832589030265808,0.44514691829681396,-0.041093859821558,0.5793856978416443,0.5856615304946899,-0.026246165856719017,0.5630132555961609,0.5252941846847534,-0.03455379232764244,0.54695725440979,0.4889099895954132,-0.03768520802259445,0.5308043360710144,0.46198374032974243,-0.039900925010442734
0.6321738362312317,0.7569242715835571,8.525813655069214e-08,0.5763273239135742,0.736625075340271,-0.011796458624303341,0.5230461359024048,0.6779041886329651,-0.014024201780557632,0.49231642484664917,0.6258729100227356,-0.017133943736553192,0.4665873050689697,0.595268189907074,-0.02012333832681179,0.5311334133148193,0.586535632610321,0.002630252856761217,0.4949883818626404,0.5326132774353027,-0.011141536757349968,0.4702986776828766,0.5003668665885925,-0.024592263624072075,0.44849398732185364,0.47470295429229736,-0.03463475778698921,0.5567984580993652,0.5650172829627991,-0.0032598322723060846,0.5294938683509827,0.49384307861328125,-0.01474477257579565,0.506276547908783,0.4602356553077698,-0.026691190898418427,0.4850752055644989,0.44096261262893677,-0.03505909442901611,0.585692286491394,0.5590918660163879,-0.012499955482780933,0.5652557015419006,0.4864004850387573,-0.024237200617790222,0.5430627465248108,0.4493699073791504,-0.03178161755204201,0.5223077535629272,0.4245978593826294,-0.037297479808330536,0.6178416609764099,0.5669653415679932,-0.023660436272621155,0.6105940937995911,0.507476806640625,-0.03385835513472557,0.600010097026825,0.4710533618927002,-0.0372263565659523,0.587924599647522,0.4438130855560303,-0.03963655233383179
0.6522340178489685,0.7512637972831726,7.880396424297942e-08,0.5997085571289062,0.7177241444587708,-0.01681295968592167,0.5522057414054871,0.6494197845458984,-0.02368891052901745,0.5245633125305176,0.5935598611831665,-0.03005395084619522,0.5034938454627991,0.5548859238624573,-0.03572603315114975,0.5676138997077942,0.5677641034126282,-0.006810269318521023,0.5400722622871399,0.5029692053794861,-0.024239663034677505,0.5151479840278625,0.4689842462539673,-0.039917148649692535,0.49189525842666626,0.4455246925354004,-0.05077440291643143,0.5958529114723206,0.554685115814209,-0.010478031821548939,0.5723920464515686,0.48033982515335083,-0.024242421612143517,0.5506254434585571,0.4440518021583557,-0.03601743280887604,0.5310910940170288,0.4214504361152649,-0.04413507506251335,0.6258636713027954,0.5562637448310852,-0.017623430117964745,0.6102028489112854,0.4809570908546448,-0.030458182096481323,0.5919963717460632,0.4362555146217346,-0.03462682291865349,0.5754951238632202,0.40378403663635254,-0.03740032762289047,0.6578477025032043,0.5697367191314697,-0.027076350525021553,0.6472483277320862,0.5088017582893372,-0.03658880293369293,0.6349013447761536,0.4698472023010254,-0.036314208060503006,0.6226629614830017,0.43957000970840454,-0.03560413420200348
0.6517590284347534,0.7475510835647583,8.881356450274325e-08,0.5998479127883911,0.7180465459823608,-0.016625994816422462,0.552058756351471,0.6524825096130371,-0.02312573231756687,0.524902880191803,0.5963913202285767,-0.029195792973041534,0.5056483149528503,0.5551163554191589,-0.03439252823591232,0.5670858025550842,0.5701779127120972,-0.004388127010315657,0.5400636792182922,0.506218433380127,-0.021542642265558243,0.5159367322921753,0.4725838601589203,-0.037172894924879074,0.4931257963180542,0.44903993606567383,-0.0475800484418869,0.5947595834732056,0.5557349324226379,-0.007487684488296509,0.5724636912345886,0.4804547429084778,-0.020353326573967934,0.5510939955711365,0.4427580237388611,-0.03186951205134392,0.5309115052223206,0.41840070486068726,-0.03976690396666527,0.6243510842323303,0.5560594797134399,-0.014247930608689785,0.6095694303512573,0.4829740822315216,-0.026341648772358894,0.59320467710495,0.44038185477256775,-0.031041720882058144,0.5776511430740356,0.40889695286750793,-0.034043338149785995,0.6554107666015625,0.568737268447876,-0.023315628990530968,0.646335244178772,0.5099962949752808,-0.03224366903305054,0.6349152326583862,0.47327980399131775,-0.032642725855112076,0.6231921315193176,0.444908082485199,-0.03232494741678238
0.6752049326896667,0.7446605563163757,1.5543912468274357e-07,0.6221577525138855,0.7110442519187927,-0.019234590232372284,0.5782450437545776,0.6444093585014343,-0.029042929410934448,0.5567663311958313,0.5865697860717773,-0.038306426256895065,0.5400047898292542,0.5473225116729736,-0.04729250818490982,0.5989750027656555,0.5512338280677795,-0.012288814410567284,0.582522451877594,0.48518356680870056,-0.03352982923388481,0.566300630569458,0.44616562128067017,-0.05252227187156677,0.5499305129051208,0.41605517268180847,-0.06588796526193619,0.6294811367988586,0.5414531826972961,-0.016851330175995827,0.6143836379051208,0.46965834498405457,-0.03569570928812027,0.5975226163864136,0.42907166481018066,-0.05189773067831993,0.5799962878227234,0.39907753467559814,-0.06252609193325043,0.6610212326049805,0.5470890998840332,-0.024855036288499832,0.6478681564331055,0.4755144715309143,-0.042991604655981064,0.6350590586662292,0.43345916271209717,-0.05040372163057327,0.6211760640144348,0.39948680996894836,-0.054360393434762955,0.6943228840827942,0.5655686259269714,-0.03526247665286064,0.6905592679977417,0.5047168731689453,-0.049987245351076126,0.685019850730896,0.46535396575927734,-0.05261428281664848,0.6779556274414062,0.43373286724090576,-0.053027354180812836
0.6938655376434326,0.7483617663383484,1.494066026452856e-07,0.647195041179657,0.702748715877533,-0.018831148743629456,0.6133960485458374,0.6289882659912109,-0.028301473706960678,0.5940188765525818,0.5711190104484558,-0.0372689850628376,0.5767572522163391,0.526001513004303,-0.04602513462305069,0.6384337544441223,0.548745334148407,-0.012361564673483372,0.6210724711418152,0.48171836137771606,-0.03347514942288399,0.6053781509399414,0.4392372965812683,-0.052123043686151505,0.5901920795440674,0.40427401661872864,-0.06524869799613953,0.6683192253112793,0.5404157042503357,-0.016461335122585297,0.6587741374969482,0.46411165595054626,-0.03484143689274788,0.6462246179580688,0.4189579486846924,-0.050649501383304596,0.632729709148407,0.38373202085494995,-0.06130414828658104,0.6977010369300842,0.5482825040817261,-0.023821214213967323,0.6926248073577881,0.4740731120109558,-0.04152928665280342,0.6841647624969482,0.4268243908882141,-0.04936590790748596,0.6735457181930542,0.3876412510871887,-0.054019778966903687,0.7281110882759094,0.5699152946472168,-0.03340660035610199,0.7309475541114807,0.5100958347320557,-0.04738309234380722,0.7266597151756287,0.46983230113983154,-0.050283558666706085,0.7187426090240479,0.43556493520736694,-0.05140987038612366
0.752261221408844,0.7627823948860168,1.9278645879694523e-07,0.7035675048828125,0.7110849618911743,-0.015140719711780548,0.6725003719329834,0.6306295394897461,-0.017376670613884926,0.6626230478286743,0.5616483688354492,-0.019603198394179344,0.658765435218811,0.5074998736381531,-0.02040735073387623,0.7083942294120789,0.5561503767967224,0.0009752194164320827,0.698284387588501,0.4769233465194702,-0.008221102878451347,0.6920408606529236,0.432340145111084,-0.01678748056292534,0.6879677176475525,0.3926464915275574,-0.023655539378523827,0.7420549392700195,0.54918372631073,-0.0024659226182848215,0.743011474609375,0.46568870544433594,-0.008351299911737442,0.745769739151001,0.4155142903327942,-0.017003072425723076,0.7484400868415833,0.37386661767959595,-0.023768743500113487,0.7736548185348511,0.5603768825531006,-0.009467165917158127,0.7857646942138672,0.48773542046546936,-0.017714498564600945,0.7938925623893738,0.4417702555656433,-0.024734897539019585,0.7992377281188965,0.40363776683807373,-0.030048562213778496,0.8036699295043945,0.5846415162086487,-0.018641505390405655,0.8200665712356567,0.5293151140213013,-0.02545756660401821,0.8293685913085938,0.4930115342140198,-0.027060631662607193,0.8357304334640503,0.46160367131233215,-0.028223136439919472
