0.0,0.0,0.0,-0.05699831247329712,-0.037364661693573,-0.010582663734759024,-0.10137808322906494,-0.10236871242523193,-0.020171410088742903,-0.1380673050880432,-0.14805364608764648,-0.033922700827325514,-0.15740913152694702,-0.19656461477279663,-0.04601818198462837,-0.06698819994926453,-0.21291577816009521,0.011487166712676355,-0.102357417345047,-0.26872336864471436,-0.023280298953260115,-0.13601726293563843,-0.2573186755180359,-0.05413067961236351,-0.15443730354309082,-0.2306305170059204,-0.06847547615071647,-0.044457316398620605,-0.23486477136611938,0.0030605987074423524,-0.06337213516235352,-0.32925498485565186,-0.01065555090209358,-0.08065745234489441,-0.3883974552154541,-0.019222068284953764,-0.09341642260551453,-0.4360370635986328,-0.023065906633938482,-0.014141738414764404,-0.2343413233757019,-0.01264637677123659,-0.02249884605407715,-0.3260916471481323,-0.023834778611863783,-0.03142279386520386,-0.38624095916748047,-0.023108728845919302,-0.040370404720306396,-0.4358210563659668,-0.019780906533206633,0.016407907009124756,-0.21470195055007935,-0.03160206476351135,0.01695239543914795,-0.29280370473861694,-0.037118206416572264,0.01604217290878296,-0.34389883279800415,-0.030555904527510336,0.013865888118743896,-0.3888711929321289,-0.02310386547943466
0.5609432458877563,0.9096771478652954,2.658513231779125e-08,-0.057235002517700195,-0.037614285945892334,-0.010595382699341016,-0.10245031118392944,-0.10289078950881958,-0.01970357126143618,-0.13978344202041626,-0.14940762519836426,-0.032863010229140954,-0.16080820560455322,-0.19828730821609497,-0.04444748586562319,-0.06843364238739014,-0.2127455472946167,0.012028279206186099,-0.1037013828754425,-0.26936930418014526,-0.022100929678947168,-0.13767343759536743,-0.25860291719436646,-0.05261264047172709,-0.15680557489395142,-0.23228955268859863,-0.06690010106709643,-0.04536640644073486,-0.2354896068572998,0.003777593331813378,-0.06399163603782654,-0.3303605914115906,-0.009854312562913137,-0.0809532105922699,-0.3904460072517395,-0.01869664205756827,-0.09352180361747742,-0.43878740072250366,-0.022972628982335763,-0.015310406684875488,-0.23594433069229126,-0.011766966940433221,-0.023180246353149414,-0.3279265761375427,-0.023028500886232095,-0.031514763832092285,-0.38918036222457886,-0.023436658592492776,-0.04006701707839966,-0.43956589698791504,-0.021069534631044107,0.014938414096832275,-0.21749097108840942,-0.030492757023841577,0.015683412551879883,-0.2958734631538391,-0.03610873273161097,0.014987647533416748,-0.3472219705581665,-0.030446110801369386,0.01291722059249878,-0.3919895887374878,-0.023900557817489343
-0.00164109468460083,-0.001194596290588379,9.192065775209812e-09,-0.0572432279586792,-0.038402557373046875,-0.01052841582845332,-0.10268765687942505,-0.10306310653686523,-0.019740086435781734,-0.14017361402511597,-0.1482912302017212,-0.03310226128946425,-0.15967100858688354,-0.1967814564704895,-0.04487494976769568,-0.06764489412307739,-0.21150940656661987,0.01248645464379905,-0.10188791155815125,-0.26751452684402466,-0.022114135711895244,-0.135385662317276,-0.25804269313812256,-0.05289250837217452,-0.15431398153305054,-0.23238182067871094,-0.06724338830958487,-0.04488855600357056,-0.23450690507888794,0.004209383003903611,-0.06306853890419006,-0.32923221588134766,-0.009807123258219974,-0.07983854413032532,-0.38899683952331543,-0.018457079693185108,-0.09212943911552429,-0.4366720914840698,-0.02231936381708266,-0.014560103416442871,-0.23537439107894897,-0.011461214549349563,-0.021944522857666016,-0.32784855365753174,-0.022771884142862575,-0.030031919479370117,-0.38906174898147583,-0.02230565474878432,-0.03798258304595947,-0.43939220905303955,-0.019114546864734905,0.016031324863433838,-0.2167227864265442,-0.030390499546633976,0.01695239543914795,-0.2949215769767761,-0.035684986426936405,0.016387462615966797,-0.34637391567230225,-0.02928246037613036,0.014613687992095947,-0.3913220167160034,-0.0220786374206412
0.5621135830879211,0.9103327393531799,2.2094807761163793e-08,-0.05754685401916504,-0.03668057918548584,-0.011045354971685128,-0.10402056574821472,-0.10335403680801392,-0.019911005714931207,-0.14254948496818542,-0.1491103172302246,-0.032747117424406724,-0.16270220279693604,-0.1967695951461792,-0.04394539966622801,-0.06915920972824097,-0.21121853590011597,0.011637856630585475,-0.10421502590179443,-0.2685179114341736,-0.02260492331723185,-0.13825935125350952,-0.2578723430633545,-0.05322165935675116,-0.1574918031692505,-0.23101520538330078,-0.06769310086409064,-0.0464819073677063,-0.23434221744537354,0.0036424115821489522,-0.06401103734970093,-0.3291366696357727,-0.010065863462187963,-0.08121353387832642,-0.38915586471557617,-0.01917896009425135,-0.0938517153263092,-0.43641769886016846,-0.023717306176223474,-0.016376197338104248,-0.2349206805229187,-0.011662381323077398,-0.023608803749084473,-0.3269857168197632,-0.022789008537330346,-0.03217965364456177,-0.38767021894454956,-0.023122433194913583,-0.04073941707611084,-0.437705934047699,-0.02083870544473143,0.014054954051971436,-0.21632081270217896,-0.03021380826274367,0.015575051307678223,-0.29405397176742554,-0.03572759925762625,0.015172362327575684,-0.34513914585113525,-0.029933884361781793,0.013448715209960938,-0.3901931643486023,-0.023395759606756883
-0.0016120672225952148,-0.00040215253829956055,1.4943404735845434e-08,-0.057639479637145996,-0.037609219551086426,-0.011239033909028251,-0.10401010513305664,-0.10273659229278564,-0.02117409721899577,-0.14239364862442017,-0.14754098653793335,-0.03518224113572188,-0.16182973980903625,-0.19538015127182007,-0.04763173663008757,-0.06830471754074097,-0.21311801671981812,0.010921244724208634,-0.10344785451889038,-0.27126073837280273,-0.024090282404308994,-0.1373375654220581,-0.25991690158843994,-0.055402528279905994,-0.15593314170837402,-0.2319868803024292,-0.07023803868282386,-0.0456700325012207,-0.23544681072235107,0.0027421158557032754,-0.06402334570884705,-0.33030784130096436,-0.011316970707362373,-0.08180522918701172,-0.38989394903182983,-0.021147941955810268,-0.09511113166809082,-0.4372757077217102,-0.026305032679324825,-0.015761733055114746,-0.23537594079971313,-0.012727093668168266,-0.024128258228302002,-0.3273072838783264,-0.024148862594252307,-0.033451974391937256,-0.3882617950439453,-0.025107746729140956,-0.042875826358795166,-0.43841904401779175,-0.023395642423515994,0.014502286911010742,-0.21635425090789795,-0.03140869342673369,0.01539689302444458,-0.29381483793258667,-0.03732885771382399,0.014090478420257568,-0.34520870447158813,-0.032017048233633716,0.01123058795928955,-0.3905693292617798,-0.02586183302987166
0.5604322552680969,0.9080379605293274,9.935664735394312e-09,-0.05680084228515625,-0.037262797355651855,-0.010054413893909597,-0.10200563073158264,-0.10286605358123779,-0.019446401590199613,-0.13950085639953613,-0.1469329595565796,-0.03303122028121486,-0.16027796268463135,-0.19310104846954346,-0.04519804447302356,-0.06656613945960999,-0.2142992615699768,0.010710896259455538,-0.10114574432373047,-0.2711731791496277,-0.023297740811200285,-0.13488397002220154,-0.25903743505477905,-0.05387953549036517,-0.15389400720596313,-0.23199713230133057,-0.06838293626317515,-0.043885767459869385,-0.2353566288948059,0.001974775256870842,-0.0624392032623291,-0.32959431409835815,-0.011018433341474676,-0.07993561029434204,-0.38852572441101074,-0.019938573905916357,-0.09309881925582886,-0.4360947608947754,-0.024620237493605757,-0.013867437839508057,-0.23405671119689941,-0.013839282760114813,-0.02254354953765869,-0.3260191082954407,-0.024330152863354826,-0.03161102533340454,-0.38667142391204834,-0.02482646211394801,-0.04077941179275513,-0.43719810247421265,-0.023038432666750097,0.016538560390472412,-0.2140815258026123,-0.03279828160414233,0.017080962657928467,-0.29207247495651245,-0.038225366467328215,0.016117215156555176,-0.34355872869491577,-0.032725515508742475,0.013775289058685303,-0.38944369554519653,-0.026571188786716604
0.0004495382308959961,0.00013947486877441406,1.4720086483066552e-08,-0.057523369789123535,-0.03818482160568237,-0.01041041358738326,-0.10323905944824219,-0.1027759313583374,-0.019853832641533842,-0.14106163382530212,-0.14741170406341553,-0.033456912705592146,-0.16211998462677002,-0.19490736722946167,-0.04552875317066096,-0.06904283165931702,-0.21168088912963867,0.010864005914040575,-0.10423994064331055,-0.26907896995544434,-0.023917511546901693,-0.1378464698791504,-0.25737112760543823,-0.054792313346556654,-0.15662989020347595,-0.2298482060432434,-0.06922634921400928,-0.04578179121017456,-0.23419076204299927,0.0023576575574359993,-0.06407904624938965,-0.329220712184906,-0.011768220433882703,-0.08111622929573059,-0.3892351984977722,-0.021095021137885084,-0.09366393089294434,-0.4370134472846985,-0.02573486834197425,-0.015535533428192139,-0.2346695065498352,-0.013311137886635294,-0.023779213428497314,-0.326913058757782,-0.02445266439943694,-0.032590389251708984,-0.3877519369125366,-0.02496022775202178,-0.0412745475769043,-0.43762898445129395,-0.02279898009627246,0.015085160732269287,-0.2162432074546814,-0.032136785307816496,0.015357613563537598,-0.2945314049720764,-0.03746179721682452,0.014203369617462158,-0.34614449739456177,-0.031599460611037244,0.012030482292175293,-0.3910949230194092,-0.024955856123856535
0.5604828596115112,0.908486008644104,2.5538692938198437e-08,-0.058220744132995605,-0.03863883018493652,-0.011400813448741332,-0.10478773713111877,-0.1024618148803711,-0.0215383593249463,-0.14312642812728882,-0.14694464206695557,-0.03577310519994725,-0.1612834930419922,-0.19576513767242432,-0.04844503032745351,-0.06989061832427979,-0.21205544471740723,0.011606681880042657,-0.10534793138504028,-0.26847851276397705,-0.02342575157762994,-0.13883543014526367,-0.2566230297088623,-0.05491262974919309,-0.157268226146698,-0.22911405563354492,-0.07001592519463529,-0.04668658971786499,-0.23512107133865356,0.003346793607310161,-0.06434807181358337,-0.32924705743789673,-0.01120643618287076,-0.08209168910980225,-0.3884044885635376,-0.021666172172441378,-0.09551307559013367,-0.43519890308380127,-0.027363174806847468,-0.01659756898880005,-0.23535990715026855,-0.012294602792277232,-0.02363884449005127,-0.326839804649353,-0.024287636603727236,-0.0327070951461792,-0.387561559677124,-0.0260166909802102,-0.041900455951690674,-0.43745169043540955,-0.024864415850057497,0.013450860977172852,-0.21601861715316772,-0.031110861550583735,0.015397787094116211,-0.2931740880012512,-0.03734466361583699,0.014451563358306885,-0.34462809562683105,-0.03253040018261899,0.011861562728881836,-0.3900402784347534,-0.026839317034497157
0.0003523826599121094,-0.0002487301826477051,5.422702287205539e-09,-0.05765312910079956,-0.037275850772857666,-0.010949633311987839,-0.10351529717445374,-0.10410517454147339,-0.020345065039158783,-0.14106011390686035,-0.1494290828704834,-0.033882537153125725,-0.15989020466804504,-0.1963207721710205,-0.04576432075774761,-0.06821054220199585,-0.21349960565567017,0.011581360134719887,-0.10378926992416382,-0.27019935846328735,-0.023111618351698837,-0.13791173696517944,-0.25732237100601196,-0.05409428965723606,-0.15674448013305664,-0.22936826944351196,-0.06860363599336239,-0.04553115367889404,-0.23553580045700073,0.003499516058205643,-0.06415274739265442,-0.329479455947876,-0.009714762907982788,-0.08158606290817261,-0.3888225555419922,-0.018321668025613747,-0.09450232982635498,-0.43689876794815063,-0.02244570222175213,-0.01540297269821167,-0.2352939248085022,-0.011945126805962047,-0.02378779649734497,-0.3268430829048157,-0.022623024177313766,-0.0328524112701416,-0.3874856233596802,-0.022186094191432915,-0.041955411434173584,-0.43767017126083374,-0.019352804165841064,0.014928281307220459,-0.21618199348449707,-0.030710696470499954,0.015565812587738037,-0.29362255334854126,-0.035990816768766365,0.014632999897003174,-0.3448096513748169,-0.029667890858412704,0.012404680252075195,-0.39003533124923706,-0.02261025201952549
0.5602434873580933,0.9073225855827332,3.5419134292169474e-08,-0.058112263679504395,-0.0376552939414978,-0.011600564097602017,-0.10376796126365662,-0.10175883769989014,-0.02176922359837974,-0.14141309261322021,-0.1475621461868286,-0.035983811927575715,-0.1608666181564331,-0.19644755125045776,-0.048466589165467866,-0.06902462244033813,-0.21138489246368408,0.011298579300206057,-0.1031135618686676,-0.2694029211997986,-0.023716006291646607,-0.13704174757003784,-0.25822049379348755,-0.05487491176797832,-0.15626901388168335,-0.2310793399810791,-0.06942405165507282,-0.0457882285118103,-0.23335164785385132,0.0035441668205073995,-0.0636448860168457,-0.3282544016838074,-0.01012359359635795,-0.08090150356292725,-0.38773083686828613,-0.019112270189065583,-0.09396892786026001,-0.43550020456314087,-0.02356627383603538,-0.015281498432159424,-0.23349690437316895,-0.011658543584484704,-0.023834049701690674,-0.32495224475860596,-0.02252070778383697,-0.032975971698760986,-0.3854237198829651,-0.022536996615666993,-0.042214810848236084,-0.43524622917175293,-0.0200155282892176,0.015497982501983643,-0.21495747566223145,-0.030216086519498475,0.015986323356628418,-0.29339003562927246,-0.035575602067250855,0.014809370040893555,-0.344957172870636,-0.029751304400701173,0.012395977973937988,-0.39034533500671387,-0.02309085415079082
-8.875131607055664e-05,-0.0009906291961669922,-9.3975938142421e-09,-0.0571599006652832,-0.037795841693878174,-0.010348068494737461,-0.10272005200386047,-0.10347175598144531,-0.019929932374894932,-0.1400761604309082,-0.14806246757507324,-0.03367234015876086,-0.1587681770324707,-0.195648193359375,-0.045930322204172924,-0.06701040267944336,-0.2143850326538086,0.010872780400871918,-0.10270553827285767,-0.27089834213256836,-0.023429691736042813,-0.1371523141860962,-0.2577965259552002,-0.054227590505421475,-0.15595701336860657,-0.22916048765182495,-0.06875319400841029,-0.044361889362335205,-0.23550552129745483,0.002586960382371828,-0.06267896294593811,-0.32930004596710205,-0.010390326325238064,-0.08051609992980957,-0.3881645202636719,-0.019209925029814556,-0.09363716840744019,-0.43537378311157227,-0.023774456177294567,-0.014264404773712158,-0.23460930585861206,-0.012822312247395828,-0.022411763668060303,-0.32605886459350586,-0.023106848765552357,-0.03192341327667236,-0.38663601875305176,-0.023242382277190998,-0.041315674781799316,-0.4363967180252075,-0.02116732666307719,0.01597505807876587,-0.21505308151245117,-0.03142961481624873,0.01721024513244629,-0.2922683358192444,-0.03664630645924838,0.016124427318572998,-0.3436005711555481,-0.030914798323452786,0.013618707656860352,-0.38890236616134644,-0.02450139628762038
0.5603565573692322,0.9052348136901855,3.265178882827513e-08,-0.057417213916778564,-0.03782463073730469,-0.010467942775228778,-0.10300678014755249,-0.10300356149673462,-0.019557408028283874,-0.1408560574054718,-0.14736175537109375,-0.03271897599939422,-0.1607641875743866,-0.19456803798675537,-0.04431554765347556,-0.06701004505157471,-0.21114903688430786,0.011320919758638581,-0.10184937715530396,-0.2685072422027588,-0.02268588260654525,-0.13573351502418518,-0.2557876706123352,-0.053136696078816215,-0.15434756875038147,-0.22772252559661865,-0.0674562612259777,-0.04408740997314453,-0.2329719066619873,0.0031451038373617735,-0.062346309423446655,-0.3274880051612854,-0.010215880320409099,-0.07995212078094482,-0.38683122396469116,-0.01929607705120162,-0.09299328923225403,-0.4343380331993103,-0.024030436732807914,-0.014143109321594238,-0.23287469148635864,-0.01220585496071891,-0.022204697132110596,-0.3239014148712158,-0.02269345984701232,-0.03130084276199341,-0.3848075866699219,-0.023340656393209258,-0.04034513235092163,-0.4353412687778473,-0.02159744032565669,0.015933632850646973,-0.21416449546813965,-0.030732247018256942,0.016885578632354736,-0.29148805141448975,-0.03576583505515174,0.015810608863830566,-0.3429020643234253,-0.030219647073188582,0.013427376747131348,-0.38846755027770996,-0.024070658692160407
0.0004763603210449219,-0.0002957582473754883,-2.3536862236994693e-08,-0.057242751121520996,-0.037425100803375244,-0.010496360982840791,-0.10258650779724121,-0.10060584545135498,-0.02018736655551745,-0.13953232765197754,-0.1441773772239685,-0.03399722817081763,-0.15793544054031372,-0.19167858362197876,-0.04626787992853476,-0.06658944487571716,-0.21157991886138916,0.01029263363491939,-0.10212951898574829,-0.2691127061843872,-0.024383064161127344,-0.1363350749015808,-0.25563710927963257,-0.05538856404561354,-0.15561604499816895,-0.22781270742416382,-0.07002701776761366,-0.04365944862365723,-0.2331690788269043,0.0019871173081194016,-0.062042802572250366,-0.32704097032546997,-0.011648099671190515,-0.07967245578765869,-0.38590043783187866,-0.021046690444534555,-0.09309157729148865,-0.43344199657440186,-0.02600776756841494,-0.013882577419281006,-0.2330217957496643,-0.013426006573324933,-0.02205491065979004,-0.32377707958221436,-0.024284772376602426,-0.030922651290893555,-0.384157657623291,-0.025177998269980684,-0.04008752107620239,-0.4340941905975342,-0.023493207792824045,0.01615595817565918,-0.21430838108062744,-0.03198049756426169,0.01711982488632202,-0.29192906618118286,-0.03738096150297476,0.015780210494995117,-0.3429352045059204,-0.03193767907757117,0.012802720069885254,-0.38770759105682373,-0.025707153405135408
0.5601886510848999,0.9030845761299133,5.885832887742026e-08,-0.057753801345825195,-0.036781251430511475,-0.010028711451344208,-0.10305148363113403,-0.10177302360534668,-0.01867582642113419,-0.13972386717796326,-0.14656704664230347,-0.03138145611261578,-0.15929558873176575,-0.19398552179336548,-0.042610121822111324,-0.0692107081413269,-0.20952337980270386,0.011543053271122261,-0.10353195667266846,-0.26565057039260864,-0.022206187179438786,-0.13592398166656494,-0.25433534383773804,-0.052405247395984844,-0.15372344851493835,-0.2276167869567871,-0.06664166406368466,-0.04551023244857788,-0.23249119520187378,0.003007974544413372,-0.06302505731582642,-0.3264467120170593,-0.01119089399104567,-0.07983013987541199,-0.3856865167617798,-0.020946897497527317,-0.09227633476257324,-0.432574987411499,-0.02598134235119076,-0.015111565589904785,-0.2329188585281372,-0.01255438656186314,-0.022452890872955322,-0.3236052989959717,-0.02402347319399567,-0.03083348274230957,-0.3839384913444519,-0.025207815623037533,-0.03916436433792114,-0.4335876703262329,-0.02354624115502091,0.015187323093414307,-0.214185893535614,-0.03114756376122685,0.0161740779876709,-0.2917928099632263,-0.03659766346787663,0.015678465366363525,-0.3429185748100281,-0.031127171522133068,0.014011859893798828,-0.38778918981552124,-0.024912001496307568
-0.0001984238624572754,9.614229202270508e-05,-2.228727336017755e-08,-0.057522475719451904,-0.03844499588012695,-0.011265390802055464,-0.10301503539085388,-0.1018441915512085,-0.021427328947812185,-0.14071476459503174,-0.146212637424469,-0.0355920561290084,-0.15986016392707825,-0.19491004943847656,-0.048201247367888556,-0.06706345081329346,-0.2106848955154419,0.010583432141810789,-0.10167661309242249,-0.26745837926864624,-0.024089387867480383,-0.1353452503681183,-0.25597667694091797,-0.05500299787881957,-0.1538800597190857,-0.22871899604797363,-0.0696518563366233,-0.04428362846374512,-0.23267090320587158,0.002533078177020087,-0.062045782804489136,-0.3265608549118042,-0.011286073613792524,-0.07944390177726746,-0.3852728605270386,-0.02074585414293395,-0.09228554368019104,-0.4321761131286621,-0.02573688818874942,-0.014317989349365234,-0.23250681161880493,-0.012759855266541109,-0.022027015686035156,-0.32360655069351196,-0.023988488379746542,-0.03075563907623291,-0.383819043636322,-0.024830182332426176,-0.03944641351699829,-0.4335322082042694,-0.02311542189481841,0.01595616340637207,-0.21361196041107178,-0.03125295347335921,0.017085254192352295,-0.29084259271621704,-0.037143036041289434,0.01610851287841797,-0.34205013513565063,-0.031932301137477026,0.0137251615524292,-0.387390673160553,-0.025902559298902617
0.5608615875244141,0.9048703908920288,4.323055602384329e-08,-0.05804252624511719,-0.03724700212478638,-0.010943422548173487,-0.10408768057823181,-0.10148018598556519,-0.02051110797345501,-0.14089235663414001,-0.14644819498062134,-0.03403708942949635,-0.15857094526290894,-0.19567787647247314,-0.04592414059460026,-0.06811192631721497,-0.21154457330703735,0.01020421321720022,-0.1029433012008667,-0.2692152261734009,-0.02424649194598061,-0.13673236966133118,-0.2565420866012573,-0.05495886736333233,-0.15545451641082764,-0.2283039093017578,-0.06945513793051106,-0.04491037130355835,-0.23363196849822998,0.0020603824055953623,-0.0632638931274414,-0.3278142809867859,-0.011676508456169188,-0.08071836829185486,-0.38700640201568604,-0.021020615927575648,-0.0934375524520874,-0.43400681018829346,-0.025918962888120234,-0.014788031578063965,-0.2335619330406189,-0.013216107606588423,-0.022700250148773193,-0.32503730058670044,-0.02415505655825001,-0.03148144483566284,-0.38570642471313477,-0.024930622882841647,-0.04011505842208862,-0.43537622690200806,-0.023215922049878657,0.01564091444015503,-0.21462267637252808,-0.03167478226840359,0.01666402816772461,-0.2921021580696106,-0.03732905768573147,0.015340566635131836,-0.34360796213150024,-0.03197732054412228,0.012660622596740723,-0.3886631727218628,-0.025811301998494685
0.0012835264205932617,0.0015721321105957031,-1.5471345982120965e-08,-0.05810999870300293,-0.035671234130859375,-0.009636848053172997,-0.10475322604179382,-0.1029844880104065,-0.017556153057352475,-0.14211374521255493,-0.14895546436309814,-0.029660703433886937,-0.16164469718933105,-0.19585198163986206,-0.04036452416910308,-0.07037115097045898,-0.21147841215133667,0.013228206144436427,-0.10472676157951355,-0.267988383769989,-0.019911860866681508,-0.13788244128227234,-0.25840550661087036,-0.05008912254704612,-0.15667694807052612,-0.23308366537094116,-0.06445753370060103,-0.047155916690826416,-0.23447954654693604,0.00453059905560238,-0.06508788466453552,-0.3286281228065491,-0.008520083321467808,-0.08235558867454529,-0.3884739875793457,-0.01806081999673026,-0.0951952338218689,-0.43496808409690857,-0.023177996097341946,-0.0170784592628479,-0.2346036434173584,-0.011323186388448647,-0.024347126483917236,-0.3255840539932251,-0.022172132326499394,-0.03311794996261597,-0.38654011487960815,-0.023815546004311017,-0.042047739028930664,-0.4357989728450775,-0.02273247745467799,0.01304936408996582,-0.21585184335708618,-0.03020884823633807,0.014667928218841553,-0.2935878038406372,-0.035816417826548985,0.01369541883468628,-0.3448798656463623,-0.03106833417548316,0.011111557483673096,-0.38953131437301636,-0.025538904411927632
0.5590705871582031,0.9036704897880554,4.647999585216667e-08,-0.05763787031173706,-0.03875678777694702,-0.010190015002418562,-0.10300278663635254,-0.10309243202209473,-0.01944696837596993,-0.1404603123664856,-0.14701449871063232,-0.03292445959084134,-0.16025757789611816,-0.19434040784835815,-0.04496053354375462,-0.06656870245933533,-0.21309083700180054,0.012024257057081655,-0.10262608528137207,-0.2693291902542114,-0.022166590481329962,-0.1361379325389862,-0.2575482726097107,-0.053045117571283384,-0.1542033851146698,-0.22992193698883057,-0.06764172138207059,-0.04420262575149536,-0.23516637086868286,0.0036132498222549714,-0.06291025876998901,-0.32926487922668457,-0.00969629948519568,-0.08082255721092224,-0.3872763514518738,-0.01926389270954232,-0.09411734342575073,-0.4329086244106293,-0.02440341496400933,-0.014662861824035645,-0.23539108037948608,-0.011951647042561575,-0.02326303720474243,-0.32646501064300537,-0.022409010022212072,-0.03281843662261963,-0.38617902994155884,-0.023237779080201193,-0.04209721088409424,-0.435064435005188,-0.02167298392884831,0.015044629573822021,-0.21675646305084229,-0.030691785081554457,0.015926122665405273,-0.29409170150756836,-0.03544827671282391,0.014930963516235352,-0.3447396159172058,-0.029743059813309713,0.012614548206329346,-0.38911527395248413,-0.02351576583020787
0.00025457143783569336,0.0004967451095581055,-1.9964331521293843e-08,-0.05762827396392822,-0.03771096467971802,-0.009711890920044652,-0.10266861319541931,-0.10275816917419434,-0.01836388602012562,-0.1397022008895874,-0.1472911238670349,-0.03112345418983864,-0.1601237654685974,-0.19435346126556396,-0.04247241511100697,-0.06723147630691528,-0.21099740266799927,0.011410922304747828,-0.10252812504768372,-0.2666946053504944,-0.022372773355783693,-0.13606354594230652,-0.25537681579589844,-0.05259752689951824,-0.15465641021728516,-0.22893857955932617,-0.06679520427340435,-0.04418855905532837,-0.23310613632202148,0.0027531364737285458,-0.06246963143348694,-0.328102707862854,-0.01115411656999754,-0.07964470982551575,-0.3877483606338501,-0.020458657733144037,-0.09257474541664124,-0.4355916380882263,-0.025203628904165498,-0.01427370309829712,-0.233481764793396,-0.012918492286445371,-0.021989822387695312,-0.32485562562942505,-0.024019005215706102,-0.03045785427093506,-0.38514137268066406,-0.024945132873000375,-0.03914642333984375,-0.43499428033828735,-0.02317406094724106,0.01567995548248291,-0.214988112449646,-0.031632312080802194,0.01657170057296753,-0.29308778047561646,-0.036581121823729745,0.01609659194946289,-0.3441023826599121,-0.03081602088266777,0.014350473880767822,-0.3886667490005493,-0.02450605898255276
0.5586774945259094,0.9029809832572937,3.854252117463375e-08,-0.057118356227874756,-0.036789119243621826,-0.009598813902753633,-0.10271108150482178,-0.10071581602096558,-0.017926473122257036,-0.13917377591133118,-0.14508801698684692,-0.03026384482921962,-0.15772244334220886,-0.19259756803512573,-0.04116903613151912,-0.06686356663703918,-0.20940685272216797,0.011212908711117464,-0.10168111324310303,-0.26465463638305664,-0.021763823878186983,-0.13501104712486267,-0.254441499710083,-0.05140199134888057,-0.15352091193199158,-0.22913074493408203,-0.06542601804079418,-0.04371500015258789,-0.23185569047927856,0.002549493966457206,-0.06220546364784241,-0.32645106315612793,-0.011079363476651949,-0.07927781343460083,-0.3860170245170593,-0.020252624478358072,-0.09183520078659058,-0.4334462285041809,-0.024962065693157953,-0.013825714588165283,-0.23240947723388672,-0.012979839880186361,-0.021809935569763184,-0.32336533069610596,-0.023867301594632906,-0.030539393424987793,-0.3842098116874695,-0.024880697902458948,-0.03936612606048584,-0.43456435203552246,-0.023281324606555742,0.016244709491729736,-0.21370726823806763,-0.03152031819166545,0.016860127449035645,-0.29116660356521606,-0.0365786067658842,0.015755176544189453,-0.3424704670906067,-0.031049294348973078,0.013418138027191162,-0.3873448967933655,-0.02495786170305614
0.00025397539138793945,0.0003663301467895508,-1.0679758410958584e-08,-0.05793166160583496,-0.037188708782196045,-0.010348309685861423,-0.10438284277915955,-0.10110318660736084,-0.01948890082297261,-0.14226704835891724,-0.1445983648300171,-0.032677980062937095,-0.1622413992881775,-0.19120508432388306,-0.044443329719280555,-0.06776997447013855,-0.2102515697479248,0.011020119378889248,-0.10246559977531433,-0.26550382375717163,-0.022975064737176254,-0.13637712597846985,-0.25363367795944214,-0.05372135892269547,-0.15517759323120117,-0.22614359855651855,-0.06838917538282807,-0.04499858617782593,-0.2324734926223755,0.0026026201272255634,-0.0624123215675354,-0.3262101411819458,-0.010921089833056286,-0.07964751124382019,-0.3853101134300232,-0.020351210532163932,-0.0922551155090332,-0.4319628179073334,-0.025410531011795356,-0.015191495418548584,-0.2326100468635559,-0.012912659828936413,-0.021801769733428955,-0.32388901710510254,-0.023596791473602607,-0.030252397060394287,-0.3842676877975464,-0.024570619610523536,-0.03858000040054321,-0.43363362550735474,-0.023087883291220024,0.014837324619293213,-0.2136474847793579,-0.031578330246185615,0.01668161153793335,-0.2909717559814453,-0.036888776270126655,0.015689194202423096,-0.34225261211395264,-0.031587341723417595,0.013374805450439453,-0.3871801495552063,-0.025630164814566925
0.5587277412414551,0.9035811424255371,3.2074278344396134e-08,-0.05702519416809082,-0.0366133451461792,-0.010259964477448591,-0.10253861546516418,-0.10051941871643066,-0.019603497322826513,-0.13980770111083984,-0.14483290910720825,-0.033098242219715246,-0.15925011038780212,-0.19233405590057373,-0.04507677533867849,-0.06745806336402893,-0.21156471967697144,0.010996888417572848,-0.1022530198097229,-0.26866400241851807,-0.02277139851096166,-0.13538333773612976,-0.25633668899536133,-0.05318000444415105,-0.15348422527313232,-0.22864139080047607,-0.06755815350654615,-0.04442644119262695,-0.233473002910614,0.0025766892617653525,-0.0631178617477417,-0.3268125653266907,-0.010285153027801641,-0.08047544956207275,-0.3853456974029541,-0.019436300706296095,-0.09336581826210022,-0.43204814195632935,-0.024376812365083822,-0.01453542709350586,-0.23351097106933594,-0.012910446126191744,-0.023095011711120605,-0.3242713212966919,-0.02303595931473268,-0.03164112567901611,-0.38431209325790405,-0.023789023023276457,-0.04027974605560303,-0.4338225722312927,-0.022337648060350546,0.015673518180847168,-0.21471351385116577,-0.031545138891964086,0.01661825180053711,-0.2913224697113037,-0.036469346817760595,0.015773355960845947,-0.34200239181518555,-0.03106321671250356,0.013470172882080078,-0.386411190032959,-0.025086839657454618
-0.0004495382308959961,0.0001367330551147461,-5.91661208915184e-09,-0.05722665786743164,-0.03714853525161743,-0.010264689183403064,-0.10249897837638855,-0.10281693935394287,-0.019060403189230968,-0.13888758420944214,-0.14783942699432373,-0.03194557883458238,-0.15844792127609253,-0.19487637281417847,-0.043325617990065624,-0.06704467535018921,-0.21088707447052002,0.011301592843066643,-0.10178804397583008,-0.2679142355918884,-0.022130772552062083,-0.13545700907707214,-0.25628459453582764,-0.052200563332606364,-0.15414643287658691,-0.22880607843399048,-0.06630571567134957,-0.04410111904144287,-0.23290175199508667,0.0030776787674238193,-0.061622440814971924,-0.3268299102783203,-0.009416000066865493,-0.07880905270576477,-0.38570988178253174,-0.018017722374368716,-0.09133833646774292,-0.4320979118347168,-0.022491021162439395,-0.014165043830871582,-0.23296159505844116,-0.012260479933191348,-0.021677732467651367,-0.3241029977798462,-0.02212549940364461,-0.030290305614471436,-0.38446855545043945,-0.022528462192584087,-0.03876793384552002,-0.43400752544403076,-0.020766493013669063,0.015878260135650635,-0.21436911821365356,-0.030790982848573734,0.017394840717315674,-0.291398286819458,-0.035686798474360515,0.016663312911987305,-0.34251976013183594,-0.030135771340299655,0.014663338661193848,-0.38754045963287354,-0.02400278866903882
0.558343768119812,0.9025143384933472,3.759097300104486e-08,-0.057476818561553955,-0.03683185577392578,-0.01045902912512986,-0.10244327783584595,-0.10105776786804199,-0.019468395048832576,-0.13958600163459778,-0.14516562223434448,-0.032501755291676204,-0.15925627946853638,-0.19287246465682983,-0.04398313724443881,-0.06758251786231995,-0.2089393138885498,0.01116009800686868,-0.10205429792404175,-0.264875590801239,-0.02285460197374789,-0.13512927293777466,-0.25347572565078735,-0.0532532353048083,-0.15309736132621765,-0.2262910008430481,-0.06753388234422175,-0.0442277193069458,-0.23177677392959595,0.0029948970674666953,-0.06206819415092468,-0.3260364532470703,-0.010706565352236908,-0.07873448729515076,-0.38527923822402954,-0.019828675324177425,-0.09082919359207153,-0.43201449513435364,-0.024434428671455066,-0.013834357261657715,-0.23274296522140503,-0.012271078312849681,-0.021406590938568115,-0.3237634301185608,-0.023065088326191585,-0.029783546924591064,-0.38352155685424805,-0.023517884323453586,-0.038292646408081055,-0.43242785334587097,-0.021399475643491428,0.01679098606109619,-0.21436285972595215,-0.030684482315635364,0.017940223217010498,-0.2916029095649719,-0.03565345891759364,0.016915500164031982,-0.3423677086830139,-0.029766066009258907,0.014463603496551514,-0.38649439811706543,-0.023222722122525852
0.0029097795486450195,-0.0006452202796936035,-9.784412391411479e-09,-0.058443665504455566,-0.03645747900009155,-0.009574835055570219,-0.104654461145401,-0.10154557228088379,-0.01833160022000513,-0.14201971888542175,-0.146062433719635,-0.03158972212771616,-0.16162684559822083,-0.19340980052947998,-0.043140655250351045,-0.06816455721855164,-0.2108386754989624,0.013457248120506193,-0.10245665907859802,-0.2683265805244446,-0.01987229646841726,-0.13599923253059387,-0.25601381063461304,-0.049584565551082704,-0.15442752838134766,-0.22700655460357666,-0.06310827085475168,-0.04508131742477417,-0.23304468393325806,0.004942867106695559,-0.06279996037483215,-0.3258792757987976,-0.0072121721292539576,-0.08051040768623352,-0.38480639457702637,-0.015023808793227289,-0.0940973162651062,-0.4321126341819763,-0.018607232586543176,-0.015192687511444092,-0.23345822095870972,-0.010860222258667562,-0.02277517318725586,-0.3234296441078186,-0.02015964859823427,-0.03112804889678955,-0.383908212184906,-0.01922801123658857,-0.039663851261138916,-0.43321406841278076,-0.01621435569326124,0.014376401901245117,-0.21530497074127197,-0.029940370337168787,0.015754282474517822,-0.29218584299087524,-0.03416390517453394,0.015030443668365479,-0.34355276823043823,-0.02772182771662912,0.013200044631958008,-0.38834452629089355,-0.020625106857220743
0.5578805804252625,0.9025608897209167,4.6033354017538386e-08,-0.056952834129333496,-0.03776353597640991,-0.010796636270363535,-0.10257121920585632,-0.10190212726593018,-0.02061813596822759,-0.1405125856399536,-0.14566344022750854,-0.03464421902038595,-0.16002917289733887,-0.19323068857192993,-0.047081711629409995,-0.06677088141441345,-0.2111760973930359,0.011317771000783239,-0.1012411117553711,-0.2678624987602234,-0.023170416170735564,-0.13533151149749756,-0.2565666437149048,-0.05393912542798063,-0.154259592294693,-0.22909092903137207,-0.06837531823851606,-0.04430818557739258,-0.23296838998794556,0.0031799940187440257,-0.06205347180366516,-0.3255317807197571,-0.010085464382548537,-0.07936125993728638,-0.384662926197052,-0.01901548069157144,-0.09217244386672974,-0.4320448338985443,-0.023578016946096625,-0.01469409465789795,-0.2326555848121643,-0.012243792342026438,-0.02194797992706299,-0.32319533824920654,-0.02288159441389581,-0.030045807361602783,-0.38402289152145386,-0.02324729684927007,-0.038112759590148926,-0.433829128742218,-0.021166990438480582,0.01503300666809082,-0.21337473392486572,-0.030909969398756232,0.017359375953674316,-0.29002273082733154,-0.036526455471296515,0.01655524969100952,-0.3418694734573364,-0.03125901792385122,0.014333844184875488,-0.3874410390853882,-0.02506324175931951
0.003615260124206543,-0.0012250542640686035,-1.0661076466078612e-08,-0.05709272623062134,-0.03699135780334473,-0.011113120224973017,-0.10299128293991089,-0.1012568473815918,-0.02085531687428599,-0.14119714498519897,-0.14522784948349,-0.03463501667668467,-0.16129633784294128,-0.1928117871284485,-0.04686566626717692,-0.0675799548625946,-0.20959872007369995,0.01050920879403705,-0.10208070278167725,-0.2674626111984253,-0.023723907750746065,-0.13533541560173035,-0.2561308741569519,-0.05427819302370196,-0.1533997654914856,-0.228712260723114,-0.06865698656131869,-0.044700682163238525,-0.23168158531188965,0.0026528448977565233,-0.06280219554901123,-0.325203537940979,-0.01071518564661389,-0.08002868294715881,-0.3842254877090454,-0.02003761379112845,-0.09250417351722717,-0.4313899278640747,-0.024965263885160738,-0.014711201190948486,-0.23185080289840698,-0.012365231272479349,-0.02268010377883911,-0.32304298877716064,-0.02306614441861754,-0.03145766258239746,-0.3833892345428467,-0.02409461138834601,-0.03995347023010254,-0.43293496966362,-0.02260756118287688,0.015432894229888916,-0.21330493688583374,-0.030564038064976984,0.0170896053314209,-0.2898501753807068,-0.03610836898972636,0.016167759895324707,-0.340972363948822,-0.031155660730501467,0.014132916927337646,-0.38615602254867554,-0.025333512556453996
0.5573105812072754,0.902850329875946,3.841533047221901e-08,-0.05707705020904541,-0.037990570068359375,-0.010842522420830392,-0.10298192501068115,-0.10107052326202393,-0.020738614537663125,-0.1410558521747589,-0.144550621509552,-0.03466391731137719,-0.1604112684726715,-0.19221901893615723,-0.04706124756569352,-0.06696540117263794,-0.20957201719284058,0.009939957595520355,-0.10185998678207397,-0.26695287227630615,-0.024687293731517457,-0.13572925329208374,-0.2553985118865967,-0.055536670424885415,-0.15451902151107788,-0.22797799110412598,-0.07010920886034455,-0.044343650341033936,-0.2312740683555603,0.0018612952661669624,-0.06267282366752625,-0.32506901025772095,-0.011803838238961362,-0.07993501424789429,-0.3839840292930603,-0.021039085277266167,-0.09256216883659363,-0.430810809135437,-0.02583600934678998,-0.01431739330291748,-0.2313462495803833,-0.013313473016864918,-0.02192080020904541,-0.32324087619781494,-0.02422506157392945,-0.030480563640594482,-0.3838805556297302,-0.024829162099308633,-0.03900653123855591,-0.43377065658569336,-0.022955031880087517,0.016189992427825928,-0.2126985788345337,-0.03165437076324906,0.018245279788970947,-0.28951525688171387,-0.037426883169359826,0.017318129539489746,-0.3408862352371216,-0.03220977429384675,0.014908850193023682,-0.3862118721008301,-0.026094373130149506
0.004393339157104492,-0.0006642937660217285,-7.955081038346634e-09,-0.05747878551483154,-0.037317633628845215,-0.010625299724232207,-0.10348007082939148,-0.10256022214889526,-0.01988856187690402,-0.1418035924434662,-0.14674586057662964,-0.03324326938618327,-0.16199147701263428,-0.19391518831253052,-0.04499438470829631,-0.06781956553459167,-0.21073204278945923,0.011850253952253809,-0.1028473973274231,-0.2677575945854187,-0.02186678229499961,-0.13664817810058594,-0.2559090852737427,-0.05222142181028033,-0.1551477611064911,-0.22834259271621704,-0.06654147869576121,-0.04497885704040527,-0.23264455795288086,0.0038898182507196566,-0.06335553526878357,-0.3258150815963745,-0.00873180824000741,-0.08030229806900024,-0.38471782207489014,-0.017537607537995825,-0.09223049879074097,-0.4317508339881897,-0.02218002146710063,-0.014975905418395996,-0.2324756383895874,-0.011283487739454756,-0.02309030294418335,-0.3225976824760437,-0.021228327142488013,-0.03157675266265869,-0.3834438920021057,-0.021797359647642622,-0.03966337442398071,-0.4336214065551758,-0.020130901324044714,0.015156984329223633,-0.21359717845916748,-0.02968381411064769,0.01647627353668213,-0.28991401195526123,-0.03486928037036563,0.015331745147705078,-0.3411322236061096,-0.029723536881100188,0.01312786340713501,-0.3867455720901489,-0.02381760320295001
0.5562393665313721,0.9004246592521667,3.4745666788182916e-08,-0.05768555402755737,-0.03765571117401123,-0.010669072872188323,-0.10309505462646484,-0.1009337306022644,-0.020425597919311755,-0.14019471406936646,-0.14446556568145752,-0.034235168961968654,-0.16023850440979004,-0.19158869981765747,-0.04651852023431324,-0.06708621978759766,-0.21031153202056885,0.010057844439360863,-0.10187101364135742,-0.2673647999763489,-0.023867091877546542,-0.13554060459136963,-0.25402337312698364,-0.05429700460859799,-0.15384718775749207,-0.22524070739746094,-0.06867651340195202,-0.044361412525177,-0.2316874861717224,0.0021728859132412737,-0.062431156635284424,-0.32461702823638916,-0.010780139608469241,-0.07995337247848511,-0.38244831562042236,-0.019795040382232898,-0.09291154146194458,-0.4291383624076843,-0.02467305470832848,-0.014393925666809082,-0.23149311542510986,-0.012739931946780914,-0.022312283515930176,-0.32235443592071533,-0.0228999562246468,-0.031126081943511963,-0.3821820616722107,-0.023626967115488284,-0.039861202239990234,-0.431755006313324,-0.02215123620459103,0.015874147415161133,-0.21261757612228394,-0.030815942926492923,0.017894268035888672,-0.28873515129089355,-0.03599173646995091,0.017194151878356934,-0.339333176612854,-0.030773331193413966,0.015163660049438477,-0.38416820764541626,-0.02486756142803692
0.006450474262237549,0.0017780661582946777,-7.843266480733746e-09,-0.05767124891281128,-0.036693692207336426,-0.010332428744279198,-0.1033361554145813,-0.10057729482650757,-0.01968446829005366,-0.1411510407924652,-0.14393067359924316,-0.03315875389262324,-0.16147541999816895,-0.19141817092895508,-0.04513101362272387,-0.067665696144104,-0.20952606201171875,0.011062192836559959,-0.10299640893936157,-0.26574593782424927,-0.022522906666837983,-0.13690969347953796,-0.25424253940582275,-0.05261794932767039,-0.15558120608329773,-0.2270602583885193,-0.06682999887152796,-0.044768333435058594,-0.23145711421966553,0.0026021288836073353,-0.06355151534080505,-0.3255177140235901,-0.010777899889491849,-0.08133253455162048,-0.38462257385253906,-0.02001596510990744,-0.09428524971008301,-0.43183547258377075,-0.02488945693358069,-0.01510244607925415,-0.2315235137939453,-0.012891251487873845,-0.02335888147354126,-0.32306969165802,-0.023581233700953774,-0.03206521272659302,-0.38400590419769287,-0.02466013365074282,-0.04064422845840454,-0.4343843460083008,-0.023253199538432412,0.014631390571594238,-0.21273273229599,-0.03147630848570948,0.015819013118743896,-0.28965455293655396,-0.03676391475483065,0.014636397361755371,-0.341039776802063,-0.03157981195136195,0.012172222137451172,-0.38627099990844727,-0.02572934598311072
0.5559139251708984,0.8998389840126038,3.665955805587373e-08,-0.057636916637420654,-0.03696972131729126,-0.010381728356012587,-0.10412383079528809,-0.10028916597366333,-0.019652749357053523,-0.14199435710906982,-0.1445370316505432,-0.032959061620065455,-0.16149768233299255,-0.19221150875091553,-0.044761448112556224,-0.06844714283943176,-0.20942944288253784,0.011053547317853685,-0.10294246673583984,-0.2665771245956421,-0.022097320241162066,-0.13640230894088745,-0.25494062900543213,-0.05198089307291198,-0.15466877818107605,-0.22798168659210205,-0.06620971759898353,-0.04535400867462158,-0.23126071691513062,0.002786797526052709,-0.06356588006019592,-0.32477235794067383,-0.0100667746190517,-0.08100637793540955,-0.38350629806518555,-0.019082085174748187,-0.09355613589286804,-0.43044304847717285,-0.02402076212806392,-0.015419185161590576,-0.2310314178466797,-0.012531054151484255,-0.02255147695541382,-0.322221040725708,-0.023036367205211405,-0.031379640102386475,-0.3830417990684509,-0.024346099180409198,-0.040030479431152344,-0.4332742393016815,-0.02328722825390983,0.014712154865264893,-0.21201038360595703,-0.030927891788312678,0.016736209392547607,-0.2884737253189087,-0.036689157543012385,0.015402674674987793,-0.34016501903533936,-0.03214573016507316,0.01268380880355835,-0.3861486315727234,-0.026832492036053424
0.0074661970138549805,0.0010266900062561035,3.208945109633987e-09,-0.05803561210632324,-0.03724706172943115,-0.010107839301674915,-0.10422083735466003,-0.1011819839477539,-0.019501457743793082,-0.14257878065109253,-0.14545172452926636,-0.033189649515300346,-0.162209153175354,-0.19333243370056152,-0.04524776228561933,-0.06848475337028503,-0.2086855173110962,0.012487461037487435,-0.10412365198135376,-0.2653871774673462,-0.021281617515235496,-0.13716495037078857,-0.2547109127044678,-0.051275967441945625,-0.15437650680541992,-0.22781020402908325,-0.06503211968436773,-0.045595407485961914,-0.2310681939125061,0.004383394207359004,-0.065013587474823,-0.3247775435447693,-0.008128192097395015,-0.08220645785331726,-0.3832838535308838,-0.015992325552254272,-0.09439834952354431,-0.4301632344722748,-0.019539599128513885,-0.015374720096588135,-0.23192381858825684,-0.010945161626189304,-0.024626076221466064,-0.3231154680252075,-0.02079739310637052,-0.033183515071868896,-0.3831615447998047,-0.019938819863348556,-0.041225314140319824,-0.43225395679473877,-0.016860251136570525,0.01484978199005127,-0.2139681577682495,-0.029509276904612136,0.015473544597625732,-0.29063260555267334,-0.03417835646167333,0.014490008354187012,-0.3414350748062134,-0.027848995112329078,0.012660562992095947,-0.38624000549316406,-0.02076828368797834
0.5552560091018677,0.9007717967033386,3.592360631188285e-08,-0.05774033069610596,-0.03765726089477539,-0.010918853821472396,-0.10435855388641357,-0.10165047645568848,-0.020513359474257697,-0.14326384663581848,-0.14562034606933594,-0.034243514778331985,-0.16270485520362854,-0.193975567817688,-0.04626486638398575,-0.0682508647441864,-0.2100602388381958,0.012198384834213982,-0.10352501273155212,-0.266568660736084,-0.02206892708154129,-0.13733839988708496,-0.255351185798645,-0.052482998015598525,-0.15537989139556885,-0.2276725172996521,-0.06654816308827805,-0.04569137096405029,-0.2327149510383606,0.004367507045849095,-0.06460344791412354,-0.32605624198913574,-0.008526276814059486,-0.08193850517272949,-0.3846648335456848,-0.016740053909138908,-0.09417542815208435,-0.4309837520122528,-0.02064160259278225,-0.015829622745513916,-0.23325228691101074,-0.010852959024028053,-0.023253202438354492,-0.32393592596054077,-0.020992979424313774,-0.031625330448150635,-0.38428574800491333,-0.02049697937281536,-0.03964591026306152,-0.43355461955070496,-0.017757887037710418,0.014043152332305908,-0.2146693468093872,-0.029393551888183822,0.016095101833343506,-0.2907301187515259,-0.034467672946171035,0.015093028545379639,-0.34168243408203125,-0.028641896339372863,0.012899637222290039,-0.386600136756897,-0.02198555694730686
0.006787419319152832,0.0004394650459289551,8.020438535538688e-09,-0.057713091373443604,-0.03796839714050293,-0.011122122578843374,-0.10398352146148682,-0.10164666175842285,-0.021070531741305132,-0.14257824420928955,-0.14566510915756226,-0.03521586506120755,-0.16266769170761108,-0.19377142190933228,-0.04764832107774808,-0.06811842322349548,-0.2105041742324829,0.011966806664542418,-0.10306680202484131,-0.2668551206588745,-0.022483947858734865,-0.136844664812088,-0.25548219680786133,-0.05309788806788518,-0.15482527017593384,-0.22785061597824097,-0.0672836743151386,-0.045577824115753174,-0.23281818628311157,0.004119407679365139,-0.06429523229598999,-0.3257303237915039,-0.008632836103959818,-0.08142358064651489,-0.38461488485336304,-0.01673577649943425,-0.09353452920913696,-0.43196481466293335,-0.02059748692862584,-0.015562057495117188,-0.23314440250396729,-0.011172201656325598,-0.02301734685897827,-0.3234674334526062,-0.021176780745907564,-0.03121316432952881,-0.38388705253601074,-0.02036413101903989,-0.039153873920440674,-0.43331050872802734,-0.017445613801999826,0.01455909013748169,-0.21450388431549072,-0.02986122219316556,0.016509056091308594,-0.2904943823814392,-0.03501510916702344,0.015670418739318848,-0.34165847301483154,-0.02904656826011731,0.013665974140167236,-0.38690614700317383,-0.022238542497678537
0.5554596781730652,0.9034214019775391,1.6586302997723124e-08,-0.05819714069366455,-0.0383036732673645,-0.010314446334994898,-0.10424640774726868,-0.10350924730300903,-0.01967057252422677,-0.14279627799987793,-0.14727085828781128,-0.033277212103165255,-0.16334402561187744,-0.19501250982284546,-0.04527415933207379,-0.06767994165420532,-0.21318864822387695,0.012252336906932726,-0.10363128781318665,-0.2690548300743103,-0.021797780339873896,-0.13780486583709717,-0.2563847303390503,-0.05249345900610791,-0.15647023916244507,-0.22908008098602295,-0.06699914710716115,-0.04462176561355591,-0.23484402894973755,0.0037692341289599085,-0.06408989429473877,-0.32768505811691284,-0.009184938316501245,-0.08184763789176941,-0.38672029972076416,-0.01813185440496312,-0.09484744071960449,-0.43437105417251587,-0.022763664295233355,-0.01454252004623413,-0.23420566320419312,-0.011940391195274458,-0.02350938320159912,-0.3251008987426758,-0.022358339672244654,-0.03244072198867798,-0.385734498500824,-0.02251989433661805,-0.04128450155258179,-0.4356967508792877,-0.0203301444847952,0.015525758266448975,-0.2146947979927063,-0.03086599933103429,0.016416609287261963,-0.29202210903167725,-0.036163228024996386,0.015012681484222412,-0.3435918688774109,-0.030483767782605753,0.012340009212493896,-0.38911789655685425,-0.024029590581811533
0.005221664905548096,8.726119995117188e-05,1.717124842315343e-08,-0.057702720165252686,-0.03784036636352539,-0.010340127392574061,-0.1035706102848053,-0.10214042663574219,-0.01931824185596298,-0.14114156365394592,-0.14612001180648804,-0.032422695538862456,-0.16105860471725464,-0.19408434629440308,-0.04400342725859474,-0.06890526413917542,-0.2104244828224182,0.012046069608167898,-0.1039385199546814,-0.2659217119216919,-0.021838205165131797,-0.13705044984817505,-0.2551571726799011,-0.052120439938171614,-0.15523147583007812,-0.22866100072860718,-0.06631448515401672,-0.04550141096115112,-0.23362863063812256,0.0035881227842580188,-0.06387102603912354,-0.32717347145080566,-0.010383948913677443,-0.0813145637512207,-0.38641953468322754,-0.01968329609082531,-0.09436926245689392,-0.43330225348472595,-0.02436122321234535,-0.015443980693817139,-0.2345113754272461,-0.012068425535126437,-0.02242910861968994,-0.3247501850128174,-0.023229886076315154,-0.030726194381713867,-0.3848190903663635,-0.023734439394338835,-0.03924202919006348,-0.43388575315475464,-0.021558271950944174,0.01437222957611084,-0.21593379974365234,-0.030871296531422843,0.015938162803649902,-0.29321324825286865,-0.03599013783679794,0.015308856964111328,-0.34443193674087524,-0.030135378471477736,0.013200342655181885,-0.38906967639923096,-0.023599552220566977
0.5555757284164429,0.9026055335998535,1.1832763213703856e-08,-0.057901859283447266,-0.03618210554122925,-0.010232741146181112,-0.10393011569976807,-0.10096722841262817,-0.019071527889762407,-0.14102765917778015,-0.14532041549682617,-0.03202082509437609,-0.16040301322937012,-0.19272875785827637,-0.04338467786351252,-0.06909042596817017,-0.2096313238143921,0.011320263945664877,-0.10430335998535156,-0.26648837327957153,-0.022187735087070948,-0.13733452558517456,-0.2547522783279419,-0.05203195954004336,-0.15468868613243103,-0.22687578201293945,-0.06584535459319163,-0.045821189880371094,-0.23254609107971191,0.003225285194050187,-0.06451472640037537,-0.32653892040252686,-0.009419638796542174,-0.08179956674575806,-0.3858147859573364,-0.01774352150300551,-0.09416285157203674,-0.4323597550392151,-0.02191561194399405,-0.015520155429840088,-0.23346906900405884,-0.01196385467687655,-0.023918867111206055,-0.3246857523918152,-0.02170836286881972,-0.032823026180267334,-0.3847472667694092,-0.02155195096770335,-0.0414542555809021,-0.4336428642272949,-0.019298858142290598,0.014888167381286621,-0.21536046266555786,-0.030362895822916514,0.015983521938323975,-0.292291522026062,-0.034968408888969904,0.014910280704498291,-0.34361910820007324,-0.02910785483459044,0.012711703777313232,-0.38855206966400146,-0.02264225030580569
0.005077183246612549,-0.0001615285873413086,1.3824450029176205e-08,-0.05707073211669922,-0.038008809089660645,-0.010532662783957036,-0.10312822461128235,-0.10163342952728271,-0.019920078617728265,-0.14111807942390442,-0.14489376544952393,-0.033424589363134416,-0.16059914231300354,-0.19165295362472534,-0.04543583798149875,-0.0678941011428833,-0.2095891833305359,0.01082468726744601,-0.10281556844711304,-0.26633310317993164,-0.023356571373737367,-0.13586696982383728,-0.25460684299468994,-0.053838546899354967,-0.1534871757030487,-0.2267441749572754,-0.06811602744201473,-0.04509162902832031,-0.23188436031341553,0.00264530857166001,-0.06397509574890137,-0.32577985525131226,-0.010804967534935983,-0.08154931664466858,-0.38469886779785156,-0.020055010494983705,-0.09447804093360901,-0.4315706193447113,-0.02490927609542659,-0.01501917839050293,-0.23256272077560425,-0.012641069990790399,-0.023283660411834717,-0.3232731819152832,-0.023376080719030412,-0.03250014781951904,-0.38335955142974854,-0.024262174544132264,-0.04165881872177124,-0.432478666305542,-0.02261167163888267,0.015518605709075928,-0.21444648504257202,-0.031070190993345292,0.016771554946899414,-0.29148489236831665,-0.0363422031972771,0.015423178672790527,-0.3426957130432129,-0.031019027856386217,0.012577414512634277,-0.3875271677970886,-0.024956466210282358
0.5545436143875122,0.90265953540802,2.2563512835915844e-08,-0.056515514850616455,-0.037256836891174316,-0.011739451504571008,-0.1019449234008789,-0.09991270303726196,-0.02217453631691413,-0.14019840955734253,-0.14409637451171875,-0.03662180069021659,-0.15854719281196594,-0.19360822439193726,-0.04944482731751876,-0.06675168871879578,-0.20920789241790771,0.01007503916390462,-0.10169234871864319,-0.26614516973495483,-0.024649106963796186,-0.13568919897079468,-0.25472915172576904,-0.05543663266233878,-0.15416207909584045,-0.2276204228401184,-0.06992935302786307,-0.04398995637893677,-0.23171985149383545,0.002388336163686944,-0.06230244040489197,-0.32529735565185547,-0.011298196456653642,-0.07948151230812073,-0.38461869955062866,-0.020270607500595617,-0.09209397435188293,-0.4326545000076294,-0.024889589353723096,-0.014000952243804932,-0.23235267400741577,-0.012611631370408105,-0.021524429321289062,-0.32280433177948,-0.023489662512464093,-0.03023827075958252,-0.3832973837852478,-0.02392372216216998,-0.039247870445251465,-0.43326759338378906,-0.0219418472342916,0.016192078590393066,-0.2141527533531189,-0.03090982611410098,0.01781386137008667,-0.29028820991516113,-0.03645640152625518,0.016762733459472656,-0.3412752151489258,-0.03113786417178588,0.014259576797485352,-0.3860628008842468,-0.025012965380472707
0.00443875789642334,-0.0004889369010925293,1.0221714141778193e-08,-0.0562095046043396,-0.037217676639556885,-0.011287567394663967,-0.10098621249198914,-0.10021942853927612,-0.021240609886934436,-0.1384226679801941,-0.14446383714675903,-0.03523412272601334,-0.15705540776252747,-0.1932341456413269,-0.04765954166918007,-0.06620949506759644,-0.20893877744674683,0.010233349909196221,-0.10122421383857727,-0.2656314969062805,-0.024261168393184818,-0.13510677218437195,-0.25402432680130005,-0.054888519647409595,-0.15355056524276733,-0.2268378734588623,-0.0692809253957769,-0.0434078574180603,-0.23153424263000488,0.0024254364400455586,-0.06159675121307373,-0.32502084970474243,-0.01127043664722649,-0.07857728004455566,-0.38432687520980835,-0.020328066500713504,-0.09089502692222595,-0.43192633986473083,-0.024982671442320026,-0.013419747352600098,-0.23215359449386597,-0.012608961391141094,-0.020650267601013184,-0.3223913908004761,-0.023510634156753696,-0.029148876667022705,-0.38275986909866333,-0.02423599846928326,-0.03783005475997925,-0.4323995113372803,-0.022412630918314136,0.016702353954315186,-0.21383649110794067,-0.030869926514913715,0.018577158451080322,-0.29001355171203613,-0.03637642711668221,0.017563462257385254,-0.3409454822540283,-0.031190145018388904,0.015132606029510498,-0.3855263590812683,-0.025150734188844837
