0.0,0.0,0.0,-0.04801291227340698,-0.03864872455596924,-0.02692507740846395,-0.07643008232116699,-0.11934816837310791,-0.04380830165735006,-0.07007312774658203,-0.19270801544189453,-0.06233968746653318,-0.030612409114837646,-0.22779589891433716,-0.07953342956295728,-0.06512457132339478,-0.23261207342147827,-0.024037200704128736,-0.0862957239151001,-0.3309919834136963,-0.044979938983829015,-0.09836927056312561,-0.3891645073890686,-0.05930705156913518,-0.10602083802223206,-0.43840253353118896,-0.07041165393582105,-0.02436220645904541,-0.23313242197036743,-0.02996504095187902,-0.005555987358093262,-0.3499629497528076,-0.053468646228225225,0.0028421878814697266,-0.4149973690509796,-0.07181500804415464,0.012487709522247314,-0.4682004451751709,-0.08430439394703626,0.00973135232925415,-0.2096397876739502,-0.03894747954598188,0.021460652351379395,-0.2903311848640442,-0.07046885204306363,-0.009571969509124756,-0.24256062507629395,-0.07906361085167646,-0.029064416885375977,-0.19772613048553467,-0.07805681389561414,0.036237239837646484,-0.17273110151290894,-0.0500274800955367,0.03111177682876587,-0.2281823754310608,-0.07330340307942151,0.008691549301147461,-0.19965189695358276,-0.07473020416489362,-0.004126012325286865,-0.16452515125274658,-0.0720531733035159
0.5865628719329834,0.8835101127624512,6.521269142467645e-07,-0.046575725078582764,-0.035546720027923584,-0.025221787594205125,-0.07487016916275024,-0.11837738752365112,-0.04066947495186923,-0.06842041015625,-0.19100916385650635,-0.05782150497282146,-0.031758785247802734,-0.2263256311416626,-0.07384103184188007,-0.06297791004180908,-0.23041105270385742,-0.023904137514477952,-0.08561229705810547,-0.32907742261886597,-0.04409798999870418,-0.0982900857925415,-0.38779833912849426,-0.056955978475457414,-0.1064307689666748,-0.4370468258857727,-0.06668538247788547,-0.023111999034881592,-0.2316129207611084,-0.030242949925309404,-0.005092740058898926,-0.3492134213447571,-0.05350697060669063,0.0030856728553771973,-0.4145839214324951,-0.070495393328315,0.012975454330444336,-0.4670106768608093,-0.0813325235768616,0.010641753673553467,-0.208787739276886,-0.039353512428647264,0.021492838859558105,-0.2874634265899658,-0.0708884934111893,-0.009277939796447754,-0.2378476858139038,-0.07835670953238605,-0.02794712781906128,-0.19306069612503052,-0.07614389454568027,0.03721112012863159,-0.1729564666748047,-0.05035302063072322,0.031877219676971436,-0.22675490379333496,-0.07379955445969699,0.010280072689056396,-0.19558095932006836,-0.07444666718686221,-0.000695645809173584,-0.16025996208190918,-0.07083707695448993
-0.00020945072174072266,0.00040018558502197266,-9.538382528262446e-09,-0.04649096727371216,-0.03656458854675293,-0.02427395617047523,-0.07477140426635742,-0.1187582015991211,-0.03943958689848159,-0.06826043128967285,-0.19085782766342163,-0.05655683015862678,-0.030569911003112793,-0.2245134711265564,-0.07261540924588417,-0.06302404403686523,-0.2310253381729126,-0.02267106061259483,-0.0849761962890625,-0.3291359543800354,-0.04255870913544868,-0.09725812077522278,-0.387527734041214,-0.0556218866018412,-0.10499423742294312,-0.4365597367286682,-0.06565497999469017,-0.022703886032104492,-0.23196065425872803,-0.02952063453773235,-0.004592835903167725,-0.34934115409851074,-0.052365520944988475,0.0037273168563842773,-0.4146477282047272,-0.06971215640584205,0.013714313507080078,-0.46674269437789917,-0.08112527613917564,0.011195540428161621,-0.20901107788085938,-0.03908588921109413,0.022706687450408936,-0.28864938020706177,-0.07011462186852668,-0.007978856563568115,-0.24124836921691895,-0.07825467174330925,-0.026944994926452637,-0.19650888442993164,-0.07681297694722389,0.037848472595214844,-0.1730515956878662,-0.05046172623912071,0.032680511474609375,-0.22750061750411987,-0.07346489464322303,0.010988056659698486,-0.19782763719558716,-0.07444789444485878,-0.00040435791015625,-0.16233330965042114,-0.0713287610320208
0.5858919620513916,0.8839781284332275,6.569016477442347e-07,-0.047729313373565674,-0.038073182106018066,-0.024019050505955875,-0.0754929780960083,-0.11960440874099731,-0.03912841817458457,-0.06784999370574951,-0.19161218404769897,-0.05623736148794478,-0.02866363525390625,-0.223791241645813,-0.07227734392603224,-0.063174307346344,-0.23174679279327393,-0.02205476826151198,-0.08468800783157349,-0.3290542960166931,-0.04181836461742705,-0.09678709506988525,-0.38688042759895325,-0.05515428176244086,-0.10454365611076355,-0.4356110394001007,-0.06539817815740889,-0.02252870798110962,-0.2325071096420288,-0.02894409289677924,-0.003855764865875244,-0.3492166996002197,-0.05122397756298369,0.0042763352394104,-0.41458261013031006,-0.06851206636150664,0.013730823993682861,-0.46729159355163574,-0.08002450978477782,0.011456310749053955,-0.20920759439468384,-0.03855904108007735,0.02303946018218994,-0.2873808741569519,-0.06900113737304991,-0.007560908794403076,-0.24019545316696167,-0.07714837705810851,-0.02655029296875,-0.19572848081588745,-0.07578544980009383,0.037699341773986816,-0.17247015237808228,-0.05000145649631804,0.03274810314178467,-0.22644132375717163,-0.07232003575285262,0.010825395584106445,-0.19633454084396362,-0.07293820297439879,-0.0009123086929321289,-0.16021645069122314,-0.06962302243431395
0.001116335391998291,0.004024982452392578,-8.210975011024857e-09,-0.048126220703125,-0.039566874504089355,-0.02399994854471288,-0.07585430145263672,-0.12054461240768433,-0.03947843660256467,-0.07088690996170044,-0.1939098834991455,-0.057071637852402546,-0.03374284505844116,-0.22618985176086426,-0.073485345138522,-0.06388932466506958,-0.23275506496429443,-0.02196561035356126,-0.08628416061401367,-0.33127254247665405,-0.042458344741078236,-0.09855422377586365,-0.3896849751472473,-0.05676131371996007,-0.10623475909233093,-0.43928390741348267,-0.06797996212384305,-0.023517727851867676,-0.234366774559021,-0.029128801567765095,-0.005593001842498779,-0.35194629430770874,-0.05267581020137868,0.0029476284980773926,-0.4175642132759094,-0.07145548660895429,0.013134300708770752,-0.4710969030857086,-0.08415404756209455,0.010482966899871826,-0.21182328462600708,-0.038941216213913776,0.021814167499542236,-0.29239869117736816,-0.069683254255267,-0.009662508964538574,-0.2443903684616089,-0.07756824095389447,-0.029313325881958008,-0.19892871379852295,-0.07611902107140622,0.03681290149688721,-0.17571163177490234,-0.05070260216137967,0.03169447183609009,-0.23099744319915771,-0.07323886503121457,0.008981883525848389,-0.20191186666488647,-0.07403970558783612,-0.00339508056640625,-0.16597652435302734,-0.07085113276383481
0.5861839056015015,0.8831168413162231,6.540623758155562e-07,-0.04755300283432007,-0.036012351512908936,-0.025253196691778612,-0.07547163963317871,-0.11893337965011597,-0.04059549931218953,-0.06989073753356934,-0.1921575665473938,-0.057804567252901506,-0.03378409147262573,-0.2282036542892456,-0.07380104575088353,-0.06462043523788452,-0.23221302032470703,-0.021953435128239107,-0.08707845211029053,-0.33081746101379395,-0.04190504688551755,-0.09954690933227539,-0.3894241452217102,-0.05503818530371518,-0.1071959137916565,-0.4386075735092163,-0.06515463951757283,-0.02437049150466919,-0.23281210660934448,-0.028358114396837664,-0.006097197532653809,-0.3507820963859558,-0.0519844381861958,0.0017965435981750488,-0.4165026843547821,-0.0699876448862824,0.011718273162841797,-0.4688350260257721,-0.08176132056644292,0.0094834566116333,-0.21003425121307373,-0.03766663882663579,0.020502150058746338,-0.29192477464675903,-0.06970659408500524,-0.010905802249908447,-0.24340420961380005,-0.07802923533847661,-0.03018474578857422,-0.19798505306243896,-0.07644497368266912,0.0359654426574707,-0.1750030517578125,-0.048835528528002214,0.029253661632537842,-0.23113280534744263,-0.0726794726007256,0.007091343402862549,-0.20041656494140625,-0.0738541683905396,-0.004384100437164307,-0.16415762901306152,-0.07067665222814412
0.0002243518829345703,0.0024123787879943848,5.978847639198648e-09,-0.04758501052856445,-0.035897910594940186,-0.025179848739753652,-0.07676535844802856,-0.11882776021957397,-0.040976856568704534,-0.07133650779724121,-0.1930835247039795,-0.058614973643670965,-0.03344619274139404,-0.22744309902191162,-0.07507198742951005,-0.06301045417785645,-0.23138374090194702,-0.023608623737345624,-0.0857694149017334,-0.32987886667251587,-0.04385232246841042,-0.0985766053199768,-0.3884519934654236,-0.056964673766742635,-0.10676723718643188,-0.4378631114959717,-0.06706459514225571,-0.02313387393951416,-0.23265618085861206,-0.0300923331769809,-0.005099952220916748,-0.35105061531066895,-0.05369673363293259,0.0029700398445129395,-0.41730421781539917,-0.07150903038109391,0.012836337089538574,-0.4703432619571686,-0.08304667911852448,0.010449349880218506,-0.20981955528259277,-0.03931302271212189,0.021006286144256592,-0.2888929843902588,-0.07087655059422104,-0.010823190212249756,-0.24040889739990234,-0.07912314377153962,-0.030230343341827393,-0.19546079635620117,-0.07745917580450623,0.03663760423660278,-0.17428410053253174,-0.050423209288965154,0.030634939670562744,-0.22900664806365967,-0.07362594894493668,0.007763385772705078,-0.19982904195785522,-0.07489076695765107,-0.004253983497619629,-0.1649206280708313,-0.07182614199246018
0.5867239236831665,0.8846921324729919,6.535387342410104e-07,-0.04855531454086304,-0.039461493492126465,-0.024550004072125375,-0.07681131362915039,-0.11983788013458252,-0.04026025175267023,-0.07057797908782959,-0.19345617294311523,-0.05788248418980402,-0.03174358606338501,-0.22570955753326416,-0.07420533537083429,-0.06484711170196533,-0.23273158073425293,-0.022694587848718584,-0.0867653489112854,-0.3316173553466797,-0.04246731489115518,-0.09864410758018494,-0.39038580656051636,-0.05646162121706766,-0.10646200180053711,-0.4398389756679535,-0.06769057004862589,-0.02405393123626709,-0.23371976613998413,-0.029524812616045892,-0.005488216876983643,-0.35096031427383423,-0.05230131759458345,0.003871440887451172,-0.4171581268310547,-0.07111987113171381,0.014048159122467041,-0.47036606073379517,-0.08427410959416193,0.009839236736297607,-0.21070897579193115,-0.03898408278041643,0.022009670734405518,-0.2898116111755371,-0.06881942241602701,-0.007993459701538086,-0.24353373050689697,-0.0773183444064216,-0.027197301387786865,-0.1988201141357422,-0.07679772763663095,0.03586000204086304,-0.17438876628875732,-0.05043785660677713,0.031192481517791748,-0.2291405200958252,-0.07243825881892008,0.009344935417175293,-0.20001459121704102,-0.07365507274084848,-0.0028228759765625,-0.16351693868637085,-0.07114494978600305
-0.00048673152923583984,0.0012723803520202637,-1.5896262084424961e-09,-0.04787784814834595,-0.03578728437423706,-0.024905892112315087,-0.07509249448776245,-0.11984431743621826,-0.03974573316520491,-0.06856584548950195,-0.19324451684951782,-0.05658522995656767,-0.03339666128158569,-0.22719967365264893,-0.07228531318253317,-0.06292253732681274,-0.23296016454696655,-0.021186579042137055,-0.08495908975601196,-0.3306291103363037,-0.040920890891015915,-0.09743112325668335,-0.38894200325012207,-0.05399301277941504,-0.10522431135177612,-0.4385189414024353,-0.06408027934378424,-0.023032963275909424,-0.23352009057998657,-0.027771214046538262,-0.004941999912261963,-0.35102224349975586,-0.05136146771258154,0.0036557912826538086,-0.4170728623867035,-0.06919151174372473,0.014160692691802979,-0.47002696990966797,-0.08063355463093558,0.01032799482345581,-0.21055597066879272,-0.03728412094062605,0.02182471752166748,-0.29086339473724365,-0.06950585173910895,-0.009060323238372803,-0.24104076623916626,-0.07766980307644644,-0.02819758653640747,-0.19542187452316284,-0.07565398889130392,0.0365481972694397,-0.17531245946884155,-0.04867570477074423,0.03158301115036011,-0.23243188858032227,-0.0725674219662551,0.00908881425857544,-0.2020554542541504,-0.07368340718096533,-0.0034909844398498535,-0.16626691818237305,-0.07030576097315588
0.5883691906929016,0.8850234150886536,6.492805937341473e-07,-0.04833340644836426,-0.0374683141708374,-0.024558996272162403,-0.07703495025634766,-0.12034738063812256,-0.03945657559938809,-0.07133448123931885,-0.19471663236618042,-0.05631548115320584,-0.03338664770126343,-0.22616374492645264,-0.07191509702511212,-0.06388121843338013,-0.2322460412979126,-0.02151303873665711,-0.08646690845489502,-0.3306286931037903,-0.041083026167825665,-0.09897387027740479,-0.38924312591552734,-0.05447093718953511,-0.1070457398891449,-0.4384659230709076,-0.06507302024670025,-0.023717045783996582,-0.23367220163345337,-0.028120686721877064,-0.005794227123260498,-0.35077452659606934,-0.05098580145545384,0.0025268197059631348,-0.4165387749671936,-0.0691479662925758,0.012349843978881836,-0.46918854117393494,-0.08141826042242428,0.009752810001373291,-0.21109968423843384,-0.037516705182270016,0.02138650417327881,-0.2906520962715149,-0.06775455125875851,-0.009251773357391357,-0.24399399757385254,-0.07585325786180874,-0.028438568115234375,-0.19965088367462158,-0.07467931458063504,0.035737693309783936,-0.17539185285568237,-0.04892948963947674,0.03130924701690674,-0.2296096682548523,-0.07111696847982785,0.009793579578399658,-0.20123332738876343,-0.07232274064131161,-0.0017868876457214355,-0.16613584756851196,-0.06961769559688946
-0.0020551681518554688,0.00010877847671508789,2.78231482297997e-09,-0.04778397083282471,-0.03776395320892334,-0.025929331916586307,-0.07593041658401489,-0.11848658323287964,-0.04218211411239281,-0.06972640752792358,-0.1924833059310913,-0.06026528416873589,-0.03134530782699585,-0.22697490453720093,-0.07703026025296822,-0.06346821784973145,-0.23179537057876587,-0.023532075944558528,-0.085293710231781,-0.3306673765182495,-0.04373083277346268,-0.09743884205818176,-0.38947319984436035,-0.05773270888926163,-0.10516014695167542,-0.4388290047645569,-0.06882981597186699,-0.023138225078582764,-0.23279160261154175,-0.029701942715064433,-0.004958152770996094,-0.3491553068161011,-0.05323581783773079,0.003195643424987793,-0.41428983211517334,-0.07223140089513436,0.012929677963256836,-0.4668656587600708,-0.08531958996059075,0.010541677474975586,-0.20991313457489014,-0.03869573040606156,0.022528111934661865,-0.29007500410079956,-0.0695876517772831,-0.009059906005859375,-0.24291205406188965,-0.07856695740224495,-0.029066622257232666,-0.1975313425064087,-0.07804002999068871,0.03687626123428345,-0.1738792061805725,-0.04976020394565239,0.03283846378326416,-0.23127001523971558,-0.07253977297546044,0.010051727294921875,-0.20440876483917236,-0.07450869320632592,-0.0033571720123291016,-0.16883635520935059,-0.07239903895856514
0.5904234051704407,0.8861294984817505,6.710854449920589e-07,-0.04999256134033203,-0.03833353519439697,-0.0256438344344474,-0.07815855741500854,-0.12032932043075562,-0.04140350181609165,-0.069377601146698,-0.19482499361038208,-0.058968118913469425,-0.029063045978546143,-0.22922104597091675,-0.07510514143854152,-0.06527352333068848,-0.2330501675605774,-0.022141782157120815,-0.08700799942016602,-0.33152735233306885,-0.04227837879210483,-0.09895500540733337,-0.3902738094329834,-0.05605876777320873,-0.10684451460838318,-0.4397176206111908,-0.06661392334848415,-0.024781346321105957,-0.2350691556930542,-0.02822433371096622,-0.0061501264572143555,-0.35190385580062866,-0.0513697821274377,0.002424299716949463,-0.4178923964500427,-0.0692296061292268,0.012412428855895996,-0.47197476029396057,-0.08081738982349407,0.00878685712814331,-0.2122909426689148,-0.037249385900793186,0.019200265407562256,-0.28869885206222534,-0.06822483573108684,-0.010084688663482666,-0.23754042387008667,-0.07556087110191356,-0.027273476123809814,-0.1915186643600464,-0.07301453087478649,0.035057902336120605,-0.17594629526138306,-0.048362411148843876,0.030297040939331055,-0.23235595226287842,-0.0709509212151147,0.008724451065063477,-0.20159912109375,-0.07119546417146694,-0.0024829506874084473,-0.16470080614089966,-0.06715955171733867
-0.0033643245697021484,-0.00018906593322753906,-1.5436512512678746e-08,-0.047847628593444824,-0.03664755821228027,-0.02479235827706816,-0.07641422748565674,-0.11963194608688354,-0.040375709531531356,-0.07021468877792358,-0.19356560707092285,-0.057897165415511154,-0.03259366750717163,-0.22658908367156982,-0.074230246243701,-0.06287062168121338,-0.23321688175201416,-0.023360131306276344,-0.08519601821899414,-0.3307431936264038,-0.04334968328259947,-0.09767699241638184,-0.38886120915412903,-0.056847263125405334,-0.10587039589881897,-0.43769070506095886,-0.06751301884435179,-0.022929131984710693,-0.2341037392616272,-0.030198520047292732,-0.004185914993286133,-0.35224246978759766,-0.05363144725345137,0.004126906394958496,-0.4171837866306305,-0.07196231186173918,0.014168322086334229,-0.46978485584259033,-0.08413559943221571,0.010522305965423584,-0.21066898107528687,-0.03964981436513426,0.021303236484527588,-0.2885882258415222,-0.07016204297326567,-0.009325861930847168,-0.23852264881134033,-0.07740851491473677,-0.027446627616882324,-0.1937362551689148,-0.07545714080117705,0.03677046298980713,-0.17407405376434326,-0.05110451951406958,0.03161591291427612,-0.2286522388458252,-0.07317483424924376,0.010202407836914062,-0.1975957751274109,-0.07336191087745192,-0.00021594762802124023,-0.1616816520690918,-0.0698042511918402
0.5903452038764954,0.8860661387443542,6.58677947740216e-07,-0.048024535179138184,-0.037602007389068604,-0.024427720043092904,-0.07632964849472046,-0.11980479955673218,-0.039822457987099824,-0.06915920972824097,-0.19262856245040894,-0.057213718700438676,-0.03163367509841919,-0.22591441869735718,-0.07342538486722106,-0.06329262256622314,-0.2327873706817627,-0.022787392768293557,-0.08561211824417114,-0.33078533411026,-0.042905433732300935,-0.0981573760509491,-0.38871365785598755,-0.0566357659876644,-0.10641664266586304,-0.43762072920799255,-0.06741077702048415,-0.02289360761642456,-0.23386478424072266,-0.029791348311334787,-0.004706323146820068,-0.35190021991729736,-0.052989261853724656,0.003735184669494629,-0.4167318344116211,-0.07123451929095381,0.013752460479736328,-0.46951788663864136,-0.08345690618756407,0.010780155658721924,-0.2104824185371399,-0.03945496554973715,0.02164679765701294,-0.28933316469192505,-0.06983771424296492,-0.00841444730758667,-0.2395114302635193,-0.07700488965514296,-0.0266229510307312,-0.19479340314865112,-0.07511686782839888,0.037159264087677,-0.17377495765686035,-0.05111727367642516,0.03218287229537964,-0.22802728414535522,-0.07313093792203063,0.01104891300201416,-0.19717705249786377,-0.07321597884896391,0.0005106925964355469,-0.16177773475646973,-0.06965136777165526
-0.0019661784172058105,0.0011649727821350098,-1.87623072633869e-09,-0.048141539096832275,-0.03748345375061035,-0.025741915437833995,-0.07634025812149048,-0.11865264177322388,-0.0416465338649914,-0.07084184885025024,-0.19267356395721436,-0.05925000946547243,-0.03312450647354126,-0.22588032484054565,-0.07546151544477198,-0.06538498401641846,-0.23247414827346802,-0.023058402571336956,-0.08714008331298828,-0.3315531611442566,-0.04310488070871088,-0.09890419244766235,-0.39009732007980347,-0.05705154057170603,-0.10646453499794006,-0.4394415616989136,-0.06802310164596292,-0.024563908576965332,-0.23376989364624023,-0.029217482763783664,-0.006258845329284668,-0.35146695375442505,-0.052328442442671985,0.002756476402282715,-0.4170418977737427,-0.07092348601247522,0.0128251314163208,-0.4701618552207947,-0.08360773440028879,0.009193658828735352,-0.21111905574798584,-0.03819161768581125,0.02083832025527954,-0.2901962995529175,-0.06867442395116541,-0.009150028228759766,-0.24276328086853027,-0.07703635211612436,-0.028256714344024658,-0.19796866178512573,-0.07606571282769892,0.03526061773300171,-0.17537707090377808,-0.04924672957088205,0.03141063451766968,-0.2313230037689209,-0.07145716365005228,0.009796440601348877,-0.20182913541793823,-0.0724419068875477,-0.002550840377807617,-0.16529786586761475,-0.06963612254287455
0.5889474749565125,0.8851184248924255,6.607988893847505e-07,-0.0472068190574646,-0.03675365447998047,-0.024931255274282194,-0.07522952556610107,-0.12036967277526855,-0.0400575469367368,-0.0697406530380249,-0.19409257173538208,-0.05708694040106366,-0.03248584270477295,-0.22773396968841553,-0.07298000484036038,-0.06306064128875732,-0.2317575216293335,-0.021922995813952184,-0.08537143468856812,-0.3293653726577759,-0.041408177011476255,-0.0980144739151001,-0.38762742280960083,-0.05415536417888234,-0.10598769783973694,-0.4369756281375885,-0.06406811951922009,-0.022941172122955322,-0.23280495405197144,-0.028395570360885358,-0.004231095314025879,-0.3513033390045166,-0.051500729762778974,0.0041159987449646,-0.4166215658187866,-0.06930300920532773,0.014300405979156494,-0.46902671456336975,-0.08087119787262509,0.010827362537384033,-0.21005862951278687,-0.037644963257776,0.022292613983154297,-0.28993821144104004,-0.06898826687859128,-0.009145259857177734,-0.24224853515625,-0.07754662960098813,-0.02832740545272827,-0.19778627157211304,-0.07614790975378583,0.03738439083099365,-0.1745849847793579,-0.048744845681653715,0.032519519329071045,-0.22984814643859863,-0.07154148399160931,0.010312080383300781,-0.2013256549835205,-0.07272186457441876,-0.001337289810180664,-0.16682302951812744,-0.0697276550464494
-0.0010423064231872559,0.0030895471572875977,9.99591520667309e-10,-0.04825633764266968,-0.03763175010681152,-0.02492232490396873,-0.07624953985214233,-0.12036377191543579,-0.040193817206386484,-0.07008570432662964,-0.19488388299942017,-0.05740324277496711,-0.03193455934524536,-0.22749203443527222,-0.07337018717146293,-0.06485998630523682,-0.2333396077156067,-0.02203645240581409,-0.08668762445449829,-0.3319873809814453,-0.04172244165158645,-0.09873965382575989,-0.3905930519104004,-0.054987667687896646,-0.10656195878982544,-0.43987464904785156,-0.0654284195981063,-0.024001598358154297,-0.2344253659248352,-0.028677307628754534,-0.004791259765625,-0.3520364761352539,-0.05182236302709953,0.0035597681999206543,-0.41783612966537476,-0.06993827838516609,0.01313847303390503,-0.4703151285648346,-0.08202207703209297,0.00979071855545044,-0.21124207973480225,-0.03810271490431205,0.02173483371734619,-0.2918211817741394,-0.06913187969541923,-0.00937575101852417,-0.24387574195861816,-0.07729247082090751,-0.02891099452972412,-0.1985805630683899,-0.07588449735260383,0.03614091873168945,-0.17472195625305176,-0.04948773849821464,0.032382845878601074,-0.2299114465713501,-0.07241388280010597,0.010394871234893799,-0.20036178827285767,-0.07356294114208595,-0.0018608570098876953,-0.16449987888336182,-0.07059763986683265
0.5892508625984192,0.8854326009750366,6.57695807149139e-07,-0.04826807975769043,-0.040719568729400635,-0.023071621794997554,-0.07609415054321289,-0.12284660339355469,-0.038209355686603885,-0.07040411233901978,-0.19491028785705566,-0.05571857026666294,-0.03283900022506714,-0.22730910778045654,-0.07207133180349956,-0.06407034397125244,-0.23252356052398682,-0.021049711172281604,-0.08682924509048462,-0.33123189210891724,-0.04072852364629398,-0.09932827949523926,-0.38910239934921265,-0.05400199375003467,-0.10720473527908325,-0.4378982186317444,-0.06433752483576427,-0.0241205096244812,-0.23329979181289673,-0.028499976982175212,-0.00550234317779541,-0.3522663712501526,-0.05157005718797336,0.0030323266983032227,-0.41801774501800537,-0.06973903185576091,0.0135040283203125,-0.47140443325042725,-0.08181411332338939,0.009755432605743408,-0.21041971445083618,-0.038524656806885105,0.020607292652130127,-0.29103779792785645,-0.06881586766689907,-0.010107100009918213,-0.24175697565078735,-0.07605553722828517,-0.028347551822662354,-0.1961410641670227,-0.07400459355562816,0.036349713802337646,-0.17472803592681885,-0.05040315470546375,0.030457496643066406,-0.23139238357543945,-0.07186843759268413,0.008495926856994629,-0.20186007022857666,-0.07164610481709133,-0.002350449562072754,-0.16604775190353394,-0.06779134577959667
-0.002885580062866211,0.001049637794494629,-1.9168339804309653e-08,-0.04696691036224365,-0.03647291660308838,-0.02390409783799896,-0.07565885782241821,-0.12082654237747192,-0.038372063649489974,-0.06795608997344971,-0.19376766681671143,-0.05478394554336319,-0.030316591262817383,-0.22723865509033203,-0.07023024336774597,-0.06254816055297852,-0.23229670524597168,-0.02211586536247978,-0.08495587110519409,-0.3307950496673584,-0.040932098043754195,-0.09763804078102112,-0.38902297616004944,-0.053142251087024306,-0.10595554113388062,-0.4380456805229187,-0.06287798808295975,-0.02252519130706787,-0.2325175404548645,-0.028943147150471304,-0.004036903381347656,-0.35085415840148926,-0.05145611391742477,0.004635155200958252,-0.4161894917488098,-0.0687273122497345,0.01490485668182373,-0.4676094353199005,-0.08022670225579986,0.01116645336151123,-0.2091493010520935,-0.038407565666034316,0.023268818855285645,-0.2905334234237671,-0.06939735041339645,-0.008588969707489014,-0.24392062425613403,-0.07801198737104187,-0.028930187225341797,-0.19975101947784424,-0.07709307001312027,0.03786498308181763,-0.17324799299240112,-0.049603620184257124,0.03338676691055298,-0.22937601804733276,-0.07316357420165787,0.011124074459075928,-0.20043927431106567,-0.07486487702806244,-0.0013350844383239746,-0.16542178392410278,-0.07237078772266159
0.5902972221374512,0.885631799697876,6.583103413504432e-07,-0.04815596342086792,-0.03786599636077881,-0.02485905799409238,-0.07572060823440552,-0.11982429027557373,-0.040029509247744954,-0.06812041997909546,-0.19304847717285156,-0.05708440977474538,-0.030774056911468506,-0.22696435451507568,-0.07308076161285726,-0.06401777267456055,-0.23273366689682007,-0.022328254090155042,-0.0860673189163208,-0.33028948307037354,-0.042363083244765676,-0.09852626919746399,-0.38844022154808044,-0.056397466243709005,-0.1065477728843689,-0.4378538131713867,-0.06738766122003881,-0.023545265197753906,-0.23375189304351807,-0.029053351165259755,-0.005429983139038086,-0.3508521318435669,-0.05180520403524724,0.0031494498252868652,-0.4159160256385803,-0.07004212427278844,0.013399779796600342,-0.4687514007091522,-0.0824379234327921,0.010312080383300781,-0.2106701135635376,-0.03859664711495725,0.022750556468963623,-0.2906426787376404,-0.06917419868847219,-0.007623016834259033,-0.24330466985702515,-0.07756768006225911,-0.026471078395843506,-0.19861352443695068,-0.07658916551014272,0.03668898344039917,-0.17418181896209717,-0.050120653839314855,0.032848894596099854,-0.23045557737350464,-0.0728207885040888,0.011173844337463379,-0.20118993520736694,-0.07380395221849767,-0.0006049275398254395,-0.16501230001449585,-0.07086759644886342
-0.004204392433166504,-0.0021480321884155273,-2.4916744223446585e-08,-0.04738897085189819,-0.035878896713256836,-0.023778876383971692,-0.07465678453445435,-0.11988139152526855,-0.0385020189929719,-0.06701958179473877,-0.1916934847831726,-0.055434774701666356,-0.0318257212638855,-0.22603487968444824,-0.07152485856897783,-0.06182378530502319,-0.23107969760894775,-0.022389132623743535,-0.08434110879898071,-0.32922887802124023,-0.0421561301697011,-0.09694290161132812,-0.38747572898864746,-0.054818712269138814,-0.10474458336830139,-0.4368140697479248,-0.06453486541397524,-0.022080600261688232,-0.23088979721069336,-0.029538598005842687,-0.0037049055099487305,-0.348612904548645,-0.05331897372491312,0.004594981670379639,-0.41408687829971313,-0.07087651649601412,0.015011608600616455,-0.4663372337818146,-0.0821431205619092,0.011331439018249512,-0.2078845500946045,-0.03935050601251078,0.023435652256011963,-0.2890837788581848,-0.0718540922749753,-0.008659899234771729,-0.23972606658935547,-0.08016080418713045,-0.02849876880645752,-0.19398725032806396,-0.07832691082842302,0.03767365217208862,-0.17268335819244385,-0.050851058309149266,0.03289121389389038,-0.22945356369018555,-0.07515111575014544,0.010081768035888672,-0.19889557361602783,-0.0764062852609868,-0.0026832222938537598,-0.16243213415145874,-0.07313253739960146
0.5908119678497314,0.884784996509552,6.73553245178482e-07,-0.048150718212127686,-0.03874486684799194,-0.024510376591365457,-0.07543164491653442,-0.11998134851455688,-0.040287070412318826,-0.06865441799163818,-0.19226986169815063,-0.05807082026092303,-0.031167030334472656,-0.22493880987167358,-0.07472988261667979,-0.06253141164779663,-0.2318233847618103,-0.02321147962300074,-0.08465254306793213,-0.33017444610595703,-0.04380350976077807,-0.09695443511009216,-0.3876079022884369,-0.05782308473078501,-0.104837566614151,-0.43639010190963745,-0.06864267631260645,-0.022512316703796387,-0.23269164562225342,-0.030130781669299722,-0.003992021083831787,-0.34915173053741455,-0.053614460367839456,0.004402756690979004,-0.41418349742889404,-0.07178146435705912,0.014494061470031738,-0.4677734076976776,-0.08391519679514658,0.011001765727996826,-0.20959323644638062,-0.03973302661268008,0.022195756435394287,-0.28925567865371704,-0.07083550139157069,-0.008571863174438477,-0.23954027891159058,-0.0783725757786442,-0.02714991569519043,-0.19372659921646118,-0.07651941521851313,0.037168145179748535,-0.17286694049835205,-0.051302224833648324,0.032736897468566895,-0.22816365957260132,-0.07425991489378703,0.010725677013397217,-0.19756656885147095,-0.07483930929390681,-0.0006471872329711914,-0.1610633134841919,-0.07135244502512705
-0.003047943115234375,-0.0026569366455078125,-2.0153265722910874e-08,-0.04931771755218506,-0.037656307220458984,-0.02583965620294748,-0.07643181085586548,-0.11902683973312378,-0.04166396109656034,-0.06991398334503174,-0.19311857223510742,-0.059230530246054514,-0.03229928016662598,-0.2261705994606018,-0.07538562042907415,-0.06331360340118408,-0.23109543323516846,-0.022799811868821962,-0.08628469705581665,-0.33029234409332275,-0.04251495523647009,-0.09867909550666809,-0.38840678334236145,-0.05615691243008314,-0.10641306638717651,-0.4373624920845032,-0.0668248511691445,-0.023187756538391113,-0.2325049638748169,-0.02876457160607515,-0.005288839340209961,-0.34895122051239014,-0.05153823791340528,0.0026784539222717285,-0.4144684970378876,-0.07008055372432409,0.0125998854637146,-0.46826013922691345,-0.08273573739722906,0.010027110576629639,-0.20985788106918335,-0.03760477302864729,0.02110236883163452,-0.28784096240997314,-0.06825509442285238,-0.010309278964996338,-0.23970961570739746,-0.07722973598436056,-0.02960127592086792,-0.19497942924499512,-0.07652541769937216,0.035727083683013916,-0.17388653755187988,-0.048488633318697794,0.032004475593566895,-0.23133695125579834,-0.07096914721921621,0.00962001085281372,-0.20234620571136475,-0.0724492646594399,-0.002934098243713379,-0.1655837893486023,-0.0699022687812203
0.5902910828590393,0.8842287063598633,6.626945605603396e-07,-0.048285722732543945,-0.037674784660339355,-0.02413015991771772,-0.07538402080535889,-0.11928308010101318,-0.03942770317519262,-0.06857526302337646,-0.19197261333465576,-0.05689528763616636,-0.031461477279663086,-0.22455066442489624,-0.07317450076664045,-0.062451183795928955,-0.23048216104507446,-0.022365290600305343,-0.08526408672332764,-0.3294396996498108,-0.04192844212377622,-0.09759965538978577,-0.3877338171005249,-0.05519049793804243,-0.10539305210113525,-0.43676677346229553,-0.06560589552248075,-0.0226973295211792,-0.23139870166778564,-0.0292945801498945,-0.005008041858673096,-0.34830671548843384,-0.05228305787170484,0.0031563639640808105,-0.41432636976242065,-0.07066887051189497,0.01322793960571289,-0.4673403203487396,-0.083176160159951,0.010481297969818115,-0.20871728658676147,-0.03889216289246633,0.02212691307067871,-0.28830623626708984,-0.06965135217035368,-0.008986175060272217,-0.24076998233795166,-0.07866531044567182,-0.02834904193878174,-0.19533610343933105,-0.07800054729307249,0.036324501037597656,-0.17298269271850586,-0.05036336735213354,0.032394230365753174,-0.2305554747581482,-0.07314926565015867,0.009766697883605957,-0.2026577591896057,-0.07492271989906385,-0.0033459067344665527,-0.16620630025863647,-0.0725480559500511
-0.0033063888549804688,-0.0033468008041381836,-1.3514238617062801e-08,-0.04791146516799927,-0.03765136003494263,-0.024673911791353476,-0.07635658979415894,-0.11962121725082397,-0.04013866284122969,-0.06974053382873535,-0.19274210929870605,-0.05755963646998907,-0.029868006706237793,-0.22497642040252686,-0.07386621930828596,-0.06289303302764893,-0.23043018579483032,-0.022422661121993315,-0.08514797687530518,-0.3284188508987427,-0.04186599799623991,-0.09749123454093933,-0.38662904500961304,-0.054872822996287596,-0.10497528314590454,-0.43585461378097534,-0.06510199704399611,-0.02315545082092285,-0.23051172494888306,-0.029056617107301008,-0.004850625991821289,-0.34634482860565186,-0.05183749371400381,0.0034601688385009766,-0.41259637475013733,-0.06960863718023802,0.013634324073791504,-0.46560904383659363,-0.08164256909122969,0.010128498077392578,-0.2073274850845337,-0.03843531855574156,0.02250349521636963,-0.2884920835494995,-0.06977830180159117,-0.008931875228881836,-0.2415279746055603,-0.07879460700979735,-0.028618574142456055,-0.1959158182144165,-0.07799264886608626,0.03619426488876343,-0.17122089862823486,-0.04961928450694586,0.031176745891571045,-0.22705763578414917,-0.0732233385108998,0.0088387131690979,-0.19755148887634277,-0.07507950165501143,-0.0035856962203979492,-0.16057997941970825,-0.07258857884636427
0.5900430083274841,0.883135974407196,6.681690365439863e-07,-0.04842287302017212,-0.0375666618347168,-0.024761556582745925,-0.07579666376113892,-0.11912316083908081,-0.040316826598939315,-0.06770855188369751,-0.19233733415603638,-0.0576176707914442,-0.02887791395187378,-0.22760134935379028,-0.07363554735690059,-0.06266069412231445,-0.23007333278656006,-0.023735300572809592,-0.08528465032577515,-0.3290456533432007,-0.043120614188012496,-0.09751075506210327,-0.3873731791973114,-0.056257273005542174,-0.10547292232513428,-0.4365759491920471,-0.0665675391724676,-0.023110389709472656,-0.2313326597213745,-0.029941330598887816,-0.004695296287536621,-0.3479592800140381,-0.052158831553754226,0.004184544086456299,-0.4138859808444977,-0.07003674556523265,0.014697372913360596,-0.4677298665046692,-0.08222192426234187,0.010025322437286377,-0.20861834287643433,-0.03873754938155116,0.021777987480163574,-0.28777575492858887,-0.0687558491995901,-0.008521676063537598,-0.24002701044082642,-0.07741500337630214,-0.026790142059326172,-0.19442623853683472,-0.07657789339333476,0.03614681959152222,-0.1725504994392395,-0.049443590389785186,0.03224760293960571,-0.23016124963760376,-0.07197432865410747,0.01055288314819336,-0.20247340202331543,-0.07362232257634105,-0.0010963678359985352,-0.1662616729736328,-0.07108207692414226
-0.0017581582069396973,-0.0024160146713256836,-2.605531790322857e-09,-0.048148512840270996,-0.038795650005340576,-0.02514883376971966,-0.0760851502418518,-0.11947876214981079,-0.041310487914245186,-0.06995850801467896,-0.19280612468719482,-0.05938177056924587,-0.030681192874908447,-0.2273765206336975,-0.07603409387485272,-0.06438511610031128,-0.23029303550720215,-0.023010912019174157,-0.08674454689025879,-0.32953929901123047,-0.04348468281642681,-0.09858101606369019,-0.38797587156295776,-0.05727504812494999,-0.1062050461769104,-0.4369148015975952,-0.06783688314573055,-0.024495065212249756,-0.23156815767288208,-0.02942000948206669,-0.006060302257537842,-0.3497515320777893,-0.052967215556066094,0.002664625644683838,-0.4149642586708069,-0.07110984869615322,0.013099730014801025,-0.46784716844558716,-0.08300316579953915,0.0090903639793396,-0.20877540111541748,-0.038624389696281014,0.020359516143798828,-0.28710412979125977,-0.06941510238067394,-0.010113060474395752,-0.23814964294433594,-0.07694721468106991,-0.02852332592010498,-0.192979633808136,-0.0749284798683334,0.035440921783447266,-0.17252826690673828,-0.049861683178107796,0.03165721893310547,-0.22963613271713257,-0.07199003793613201,0.009988367557525635,-0.20047396421432495,-0.07227630414382702,-0.0016453266143798828,-0.16440719366073608,-0.06862963982240444
0.5872163772583008,0.8834559917449951,6.526008746732259e-07,-0.046983182430267334,-0.03904891014099121,-0.02403058663679758,-0.07568252086639404,-0.11967962980270386,-0.03972632989956537,-0.0703156590461731,-0.19126874208450317,-0.05757260874582926,-0.03212285041809082,-0.22199803590774536,-0.07441494793368975,-0.06137627363204956,-0.23239600658416748,-0.02271607697679201,-0.0835619568824768,-0.32966113090515137,-0.042248623377815875,-0.09603554010391235,-0.3872239589691162,-0.055716270513073596,-0.10385710000991821,-0.4357600212097168,-0.06650451005174318,-0.02173900604248047,-0.23217719793319702,-0.03000512898637453,-0.0032606124877929688,-0.3486955165863037,-0.052973223782316836,0.0053552985191345215,-0.41387200355529785,-0.071422630853192,0.01587313413619995,-0.4653613269329071,-0.08410398841573397,0.011619746685028076,-0.20847547054290771,-0.039891088313595446,0.023425757884979248,-0.28950226306915283,-0.0701365265317122,-0.007779717445373535,-0.24489039182662964,-0.07897910655213991,-0.027296721935272217,-0.20139044523239136,-0.07866265804244676,0.03794825077056885,-0.1715846061706543,-0.051670366830364856,0.03367936611175537,-0.22837293148040771,-0.07408935011102358,0.011532723903656006,-0.20092558860778809,-0.07561668188048998,-0.0008012056350708008,-0.16554981470108032,-0.0733212846584479
-0.0005819797515869141,-0.002149820327758789,-9.233076525561046e-09,-0.04803335666656494,-0.03808128833770752,-0.024126617993147192,-0.07575827836990356,-0.11977779865264893,-0.03922425844791633,-0.06939464807510376,-0.19244617223739624,-0.05625855066898566,-0.03191113471984863,-0.22303467988967896,-0.07212303840640288,-0.06285661458969116,-0.23231524229049683,-0.021956517185003577,-0.08543312549591064,-0.32988423109054565,-0.041388979936868964,-0.0974908173084259,-0.38747674226760864,-0.05495161079886657,-0.10494866967201233,-0.43603670597076416,-0.06569355988028747,-0.022326290607452393,-0.2330552339553833,-0.028921528543264685,-0.00497204065322876,-0.3492450714111328,-0.0515844214809249,0.0034273862838745117,-0.41456735134124756,-0.07003797852519256,0.013870775699615479,-0.4671201705932617,-0.08260303997519713,0.011317968368530273,-0.20957374572753906,-0.03851817810061675,0.02195560932159424,-0.28881770372390747,-0.06871718430045348,-0.008524596691131592,-0.24201524257659912,-0.07710767054084045,-0.027200937271118164,-0.1976141333580017,-0.0761951606822322,0.037145137786865234,-0.17290353775024414,-0.0500013891709159,0.0314784049987793,-0.22848689556121826,-0.07225487643006545,0.010005176067352295,-0.1991584300994873,-0.07322282605889541,-0.00087738037109375,-0.1631861925125122,-0.0703360315513919
0.5865136981010437,0.8818530440330505,6.467621460615192e-07,-0.0474967360496521,-0.03641289472579956,-0.024789510799223535,-0.07592731714248657,-0.11712288856506348,-0.04046527346747553,-0.06906759738922119,-0.188693106174469,-0.05786760574358141,-0.03080284595489502,-0.22213250398635864,-0.0741531220652405,-0.06225341558456421,-0.2306281328201294,-0.024583684784943216,-0.08487337827682495,-0.3293294906616211,-0.04468197425978815,-0.09718167781829834,-0.38757675886154175,-0.05831378376262819,-0.10517817735671997,-0.4362223744392395,-0.06905483132379686,-0.021851062774658203,-0.2309798002243042,-0.031354208049947374,-0.0035595297813415527,-0.3481726050376892,-0.05425393631833231,0.005263388156890869,-0.4126417338848114,-0.07250858521240389,0.015570342540740967,-0.46428555250167847,-0.08501549488084947,0.012009084224700928,-0.20714616775512695,-0.04069483330624735,0.023678123950958252,-0.2862476110458374,-0.07094121402280962,-0.006743073463439941,-0.24003785848617554,-0.07934900051134264,-0.025576293468475342,-0.1965017318725586,-0.07872580414789354,0.03846180438995361,-0.1698073148727417,-0.05195644175785219,0.03351795673370361,-0.22428011894226074,-0.07452184384840166,0.012038111686706543,-0.19548547267913818,-0.07571891373174822,0.000785529613494873,-0.1603345274925232,-0.07312564229744112
-0.0004760622978210449,0.0010391473770141602,-8.260144568339456e-09,-0.04749798774719238,-0.03751462697982788,-0.02288621625518772,-0.07581835985183716,-0.12094295024871826,-0.03715087993657562,-0.06890290975570679,-0.19304829835891724,-0.05363286061799499,-0.03129851818084717,-0.22425967454910278,-0.06926688327109787,-0.06206625699996948,-0.23286575078964233,-0.02084768711245033,-0.08399152755737305,-0.3304057717323303,-0.04030744506633255,-0.09614735841751099,-0.3883906602859497,-0.05344937144434425,-0.10377809405326843,-0.43711555004119873,-0.06374753786838028,-0.02184075117111206,-0.23312616348266602,-0.028526799368023603,-0.0035303831100463867,-0.3508846163749695,-0.051057608412861555,0.005333542823791504,-0.416660875082016,-0.06878948731934997,0.015988647937774658,-0.468469500541687,-0.08053212388074371,0.011933445930480957,-0.20902228355407715,-0.038834856437802046,0.02302694320678711,-0.2895015478134155,-0.06932606323277923,-0.007305562496185303,-0.24425601959228516,-0.07784598840987655,-0.025996029376983643,-0.20069169998168945,-0.0769112013152835,0.038348615169525146,-0.171677827835083,-0.050878284113764494,0.0328747034072876,-0.22670131921768188,-0.0738115139178035,0.011764049530029297,-0.1977711319923401,-0.07501128836190674,0.001042485237121582,-0.162952721118927,-0.0721347458533046
0.5857673287391663,0.8838402032852173,6.468142714766145e-07,-0.04829216003417969,-0.03922086954116821,-0.024101473057896783,-0.07564038038253784,-0.12015950679779053,-0.0394809596634218,-0.07056319713592529,-0.19273269176483154,-0.05696036074522226,-0.03336489200592041,-0.22437655925750732,-0.07332514751914232,-0.061917781829833984,-0.23452866077423096,-0.021386852154762437,-0.08434063196182251,-0.33195507526397705,-0.04084421474698274,-0.09669908881187439,-0.3896993398666382,-0.054511172363788774,-0.10453259944915771,-0.4386904835700989,-0.06545679796698778,-0.021698355674743652,-0.2344021201133728,-0.028559000829488923,-0.003482997417449951,-0.35104602575302124,-0.051212051550180604,0.005354046821594238,-0.416237473487854,-0.0698474027610132,0.0159873366355896,-0.4680878520011902,-0.08281006444457262,0.01191645860671997,-0.21045184135437012,-0.03846603784921854,0.02421402931213379,-0.2916172742843628,-0.06907517988446443,-0.007397353649139404,-0.2471347451210022,-0.07860928554299562,-0.02737373113632202,-0.20304107666015625,-0.07874096710446565,0.038110315799713135,-0.17312872409820557,-0.05022128451827257,0.03319031000137329,-0.2291259765625,-0.0732353456712076,0.010722100734710693,-0.20057803392410278,-0.07525397617581575,-0.0018129348754882812,-0.16418790817260742,-0.07325905341866701
0.0004852414131164551,-0.00046712160110473633,-2.0460220184759237e-09,-0.048714399337768555,-0.0387539267539978,-0.024784358511340088,-0.07695698738098145,-0.11980390548706055,-0.04038071661688036,-0.07038891315460205,-0.19187450408935547,-0.05788447737194247,-0.03206998109817505,-0.22375226020812988,-0.07411905779935068,-0.06397122144699097,-0.23223131895065308,-0.022521319160830444,-0.08575093746185303,-0.33096247911453247,-0.042786252046596474,-0.09799247980117798,-0.3891216814517975,-0.05656642868615336,-0.10558271408081055,-0.4383623003959656,-0.06715487345553584,-0.023516714572906494,-0.2330237627029419,-0.02904973953462786,-0.005194306373596191,-0.34951895475387573,-0.05199399619795031,0.003222048282623291,-0.4144135117530823,-0.06947766646243281,0.013532817363739014,-0.4673137664794922,-0.08112989022828287,0.010415852069854736,-0.21011710166931152,-0.03843512787915415,0.022139668464660645,-0.2891997694969177,-0.06914376869298167,-0.008853137493133545,-0.241122305393219,-0.07661837741233057,-0.027773261070251465,-0.19651997089385986,-0.07472152664757914,0.03680896759033203,-0.1739458441734314,-0.04981905996299929,0.03230196237564087,-0.22947025299072266,-0.07221284910536951,0.009968101978302002,-0.20092976093292236,-0.07269974454737849,-0.0018804669380187988,-0.1659664511680603,-0.06924342020846552
0.5857750177383423,0.8828650116920471,6.60498130855558e-07,-0.047822654247283936,-0.03779304027557373,-0.02588270325918529,-0.07597094774246216,-0.11772668361663818,-0.04243832734186981,-0.07088261842727661,-0.19080692529678345,-0.06073201355297897,-0.032542884349823,-0.22551661729812622,-0.07776537072618339,-0.06364494562149048,-0.2300686240196228,-0.024216025143459774,-0.08600044250488281,-0.32875800132751465,-0.04500858765800331,-0.09833782911300659,-0.38732457160949707,-0.05946089979966018,-0.10612666606903076,-0.4367498755455017,-0.07076627296169136,-0.02350020408630371,-0.23105496168136597,-0.030564839958742596,-0.0054454803466796875,-0.3487083315849304,-0.05400481727679107,0.00310516357421875,-0.413837730884552,-0.07302055787999961,0.013328254222869873,-0.4671088457107544,-0.086136843084887,0.010233581066131592,-0.20809859037399292,-0.039673565893963314,0.021697282791137695,-0.2878212332725525,-0.07022990566451881,-0.008810877799987793,-0.24071937799453735,-0.07887045574148033,-0.027390480041503906,-0.19606024026870728,-0.0782526461478028,0.03646349906921387,-0.17164844274520874,-0.05085076299269531,0.031816303730010986,-0.2272413969039917,-0.07302371692617271,0.010243833065032959,-0.198930025100708,-0.07421233785112236,-0.0010050535202026367,-0.1634516716003418,-0.07166274172027443
0.0007572174072265625,0.0010062456130981445,-5.798369784315582e-09,-0.04811751842498779,-0.03666579723358154,-0.02490428740020434,-0.07604897022247314,-0.11969208717346191,-0.04002159738774935,-0.07052195072174072,-0.19510704278945923,-0.05685543546314875,-0.03172260522842407,-0.22859644889831543,-0.07256136739488284,-0.06414538621902466,-0.23170799016952515,-0.02219035008783976,-0.0862739086151123,-0.3311023712158203,-0.041496756466585794,-0.09827813506126404,-0.3902071416378021,-0.054565954002100625,-0.10621601343154907,-0.43983548879623413,-0.06495645547147433,-0.02401942014694214,-0.23227131366729736,-0.028644123094636598,-0.005525469779968262,-0.3501576781272888,-0.05132833773132006,0.003451406955718994,-0.4163097143173218,-0.06943060362573306,0.013622879981994629,-0.4684321880340576,-0.08171442055936495,0.009795963764190674,-0.20911270380020142,-0.03780805596943537,0.022288382053375244,-0.29012244939804077,-0.06867010051246325,-0.008622467517852783,-0.24499142169952393,-0.07780302220817248,-0.028088688850402832,-0.20068073272705078,-0.07735980206962267,0.03621339797973633,-0.17315393686294556,-0.048805686625200906,0.0310746431350708,-0.22936463356018066,-0.07230723554130236,0.009680092334747314,-0.19923549890518188,-0.0741047700666968,-0.0015665888786315918,-0.1618393063545227,-0.07167198413844744
0.5860599875450134,0.8809781074523926,6.603828524021083e-07,-0.04742664098739624,-0.03592759370803833,-0.024912060103133626,-0.07597804069519043,-0.11784219741821289,-0.0404234033587727,-0.06964701414108276,-0.19076794385910034,-0.057608908838346906,-0.03155827522277832,-0.22600537538528442,-0.07359997821481556,-0.063717782497406,-0.23028212785720825,-0.024124392173007436,-0.0860755443572998,-0.32897454500198364,-0.04367754874260754,-0.0981544554233551,-0.3874095678329468,-0.0565349896016869,-0.10595080256462097,-0.43657100200653076,-0.06660861415298314,-0.023803889751434326,-0.23088347911834717,-0.030476844734266706,-0.004978597164154053,-0.34940093755722046,-0.053072451478556104,0.004467964172363281,-0.4150034189224243,-0.07075565946729512,0.015041232109069824,-0.46760061383247375,-0.08264779937894673,0.009782373905181885,-0.2077522873878479,-0.03943844777973027,0.021908462047576904,-0.2870181202888489,-0.07021634919078679,-0.009306490421295166,-0.2410273551940918,-0.0794219811025414,-0.02914106845855713,-0.1968422532081604,-0.07896885914237828,0.03600972890853882,-0.17138582468032837,-0.050199652886703916,0.03152108192443848,-0.22660952806472778,-0.0733242620292458,0.009199023246765137,-0.19907087087631226,-0.07529501510293812,-0.003515481948852539,-0.16423052549362183,-0.07307997239263386
-9.185075759887695e-05,0.0021479129791259766,-9.558789315633476e-10,-0.04755282402038574,-0.039182305335998535,-0.024090211889074453,-0.07455939054489136,-0.11979871988296509,-0.039562694778965124,-0.06824910640716553,-0.19179576635360718,-0.05710944538407148,-0.030519962310791016,-0.22467976808547974,-0.07345435400895894,-0.06240427494049072,-0.23300766944885254,-0.02166157965950788,-0.08439570665359497,-0.3308565616607666,-0.04029830550246061,-0.09626692533493042,-0.38845938444137573,-0.05321629723005117,-0.10388317704200745,-0.4371601343154907,-0.06360789766006292,-0.02249288558959961,-0.23268699645996094,-0.028744932314680227,-0.0034763216972351074,-0.3503555655479431,-0.05068147187523664,0.005913197994232178,-0.4163382351398468,-0.06903529544763387,0.01656484603881836,-0.4687380790710449,-0.08176126708679021,0.010857701301574707,-0.20867139101028442,-0.038481134971902975,0.022474288940429688,-0.28895658254623413,-0.06836978723697484,-0.007788717746734619,-0.24466603994369507,-0.07810723414115728,-0.026545166969299316,-0.20069491863250732,-0.07836217810802282,0.036768317222595215,-0.17177581787109375,-0.05003543575696767,0.032058656215667725,-0.2297573685646057,-0.07233027001313985,0.009913802146911621,-0.20258170366287231,-0.07432935764484228,-0.0024022459983825684,-0.16637808084487915,-0.07238272955112279
0.5881156921386719,0.8809517025947571,6.515389827654872e-07,-0.04851323366165161,-0.03971356153488159,-0.023789773283795057,-0.07577300071716309,-0.11993783712387085,-0.039190719424084364,-0.06832331418991089,-0.1919790506362915,-0.05656993999917859,-0.02918940782546997,-0.2257658839225769,-0.0727098384483611,-0.06270056962966919,-0.23202753067016602,-0.022401793448523222,-0.08531111478805542,-0.33073973655700684,-0.041784925906256376,-0.09741741418838501,-0.3886483311653137,-0.05518076062043065,-0.10530680418014526,-0.43731817603111267,-0.0657031410916602,-0.02265220880508423,-0.23226988315582275,-0.029462101457909284,-0.0034734010696411133,-0.3499911427497864,-0.05170687898834103,0.0060217976570129395,-0.41501033306121826,-0.06993405759175175,0.01658618450164795,-0.4675176441669464,-0.08236140251000279,0.010853290557861328,-0.20859307050704956,-0.03904916211803311,0.02314281463623047,-0.28663796186447144,-0.06869185954172963,-0.0068430304527282715,-0.2400881052017212,-0.07708878308375233,-0.025482594966888428,-0.19594913721084595,-0.07630337267954701,0.03699088096618652,-0.17136496305465698,-0.05050815135081166,0.033402323722839355,-0.22621935606002808,-0.07213853537876957,0.012501180171966553,-0.19726425409317017,-0.0727873244865691,0.0014939308166503906,-0.16142159700393677,-0.06975750118334645
-0.0007126927375793457,0.00225675106048584,-8.0789277490112e-09,-0.04700291156768799,-0.0373692512512207,-0.023850469766159677,-0.07515585422515869,-0.12072914838790894,-0.03867998990227761,-0.06807863712310791,-0.193487286567688,-0.05559567260553422,-0.029271602630615234,-0.2258320450782776,-0.07145823064257684,-0.06146728992462158,-0.23263508081436157,-0.02140951613893094,-0.08407878875732422,-0.33048367500305176,-0.04083566638638558,-0.09632128477096558,-0.3884316682815552,-0.053662999449272775,-0.1043701171875,-0.4371963143348694,-0.06358387592246117,-0.02148348093032837,-0.23261696100234985,-0.02834836850871625,-0.0030630826950073242,-0.35043030977249146,-0.05139255049635949,0.00545501708984375,-0.4151574969291687,-0.06893395158459725,0.015605568885803223,-0.4660945236682892,-0.08020952614953103,0.011909902095794678,-0.20922231674194336,-0.03797792541791978,0.023244142532348633,-0.28775328397750854,-0.06904756548811974,-0.007476150989532471,-0.23971271514892578,-0.07695103707720818,-0.026441216468811035,-0.19525980949401855,-0.07507898184468331,0.03822004795074463,-0.1734873652458191,-0.049403666434784554,0.03346967697143555,-0.2281588315963745,-0.0722093981783587,0.012414038181304932,-0.19749999046325684,-0.07282883944918694,0.0016031861305236816,-0.1617966890335083,-0.06930511715819421
0.5889091491699219,0.8813009858131409,6.495495199487777e-07,-0.04754263162612915,-0.03833436965942383,-0.024405902972262083,-0.07558649778366089,-0.12050777673721313,-0.03975977075640458,-0.06868940591812134,-0.19366055727005005,-0.05698658225480813,-0.030435621738433838,-0.2268546223640442,-0.07309416008536118,-0.06287598609924316,-0.23291385173797607,-0.022934666624109923,-0.08487671613693237,-0.3311903476715088,-0.04280871970001954,-0.0967908501625061,-0.3890606760978699,-0.05608989370409745,-0.1045677661895752,-0.4381156265735626,-0.0664170689636876,-0.022382676601409912,-0.2331678867340088,-0.02968385328892964,-0.0037161707878112793,-0.35011714696884155,-0.05235715282503861,0.005037367343902588,-0.41511934995651245,-0.06974455041233796,0.015107870101928711,-0.4668727219104767,-0.08140379262511033,0.011293232440948486,-0.20961469411849976,-0.039152891164462744,0.022754967212677002,-0.2896844148635864,-0.06989467216078538,-0.0073909759521484375,-0.24331504106521606,-0.07804190439526337,-0.026002228260040283,-0.19859957695007324,-0.07681174648348588,0.037755727767944336,-0.1729380488395691,-0.050489929294030844,0.03249633312225342,-0.22746127843856812,-0.07339165431801575,0.011454463005065918,-0.1978561282157898,-0.07448250127379197,0.0005850791931152344,-0.1619299054145813,-0.07152975422684449
-0.0002453923225402832,0.0020938515663146973,-1.2751115718856454e-09,-0.04784303903579712,-0.038329243659973145,-0.02422907769619087,-0.07556426525115967,-0.12009608745574951,-0.039676748290048636,-0.06822729110717773,-0.19329369068145752,-0.057057555838810003,-0.030113279819488525,-0.22661161422729492,-0.0732570738339291,-0.06322711706161499,-0.23172205686569214,-0.022974165230380095,-0.08530658483505249,-0.3308643102645874,-0.04273490987657169,-0.0971326231956482,-0.3888542652130127,-0.05592555932639698,-0.10486546158790588,-0.4378049969673157,-0.0661777035140858,-0.022961199283599854,-0.23221898078918457,-0.029733780845390356,-0.004176914691925049,-0.34965550899505615,-0.052492458447204626,0.0045052170753479,-0.41443800926208496,-0.06999753422974209,0.01452404260635376,-0.4665519893169403,-0.08167476214407543,0.010608196258544922,-0.20905721187591553,-0.03912516318200687,0.021520793437957764,-0.2885538339614868,-0.06957877434729198,-0.00865638256072998,-0.24053263664245605,-0.07719542093514065,-0.02698647975921631,-0.19542479515075684,-0.07555323101519207,0.03701668977737427,-0.17283540964126587,-0.050411041899906195,0.03196161985397339,-0.22791826725006104,-0.0727208257460461,0.010898113250732422,-0.19798940420150757,-0.07322648174999813,0.00027889013290405273,-0.1620514988899231,-0.06987693913220028
0.5889135003089905,0.8807806968688965,6.596707180506201e-07,-0.04874628782272339,-0.03952038288116455,-0.024888965251761874,-0.07602810859680176,-0.12079662084579468,-0.04086876189978739,-0.06894063949584961,-0.19340312480926514,-0.05867027020724436,-0.030416131019592285,-0.22496777772903442,-0.07524428791077753,-0.06327509880065918,-0.23139244318008423,-0.02412790148230215,-0.08572804927825928,-0.3305988311767578,-0.04461336410315653,-0.09771272540092468,-0.3889637589454651,-0.059010135891753634,-0.1053585410118103,-0.4382169246673584,-0.07027617371352335,-0.02297145128250122,-0.23218822479248047,-0.030560101332980594,-0.004472851753234863,-0.3484867215156555,-0.053754429283458194,0.004403173923492432,-0.413418710231781,-0.07236616587908884,0.014697730541229248,-0.4670107960700989,-0.08517231321604868,0.010501980781555176,-0.20920413732528687,-0.03959711542995592,0.022632360458374023,-0.28684544563293457,-0.06961651420863291,-0.007680177688598633,-0.23898321390151978,-0.07752401656182428,-0.026480793952941895,-0.19448548555374146,-0.0763783482340159,0.036323368549346924,-0.17268937826156616,-0.05068996450575014,0.032987356185913086,-0.2279527187347412,-0.07249334728987833,0.01087409257888794,-0.19928044080734253,-0.07318873232873102,-0.001483142375946045,-0.16356122493743896,-0.07017896598847528
-0.0011406540870666504,0.002918839454650879,2.2768062990508042e-09,-0.0477786660194397,-0.03828716278076172,-0.025364170559441845,-0.07516735792160034,-0.11975634098052979,-0.041600058563744824,-0.0684388279914856,-0.1921539306640625,-0.05950941030005197,-0.030939817428588867,-0.22475475072860718,-0.07632643614033441,-0.06226158142089844,-0.23177862167358398,-0.02486795816639642,-0.08500158786773682,-0.3312123417854309,-0.0452794234834073,-0.09749817848205566,-0.38925600051879883,-0.05917415652493219,-0.10555660724639893,-0.4381897449493408,-0.06998977694729547,-0.021902382373809814,-0.23233085870742798,-0.03138276074150781,-0.0032683610916137695,-0.3497791290283203,-0.054453308471238415,0.00539630651473999,-0.41498494148254395,-0.07289066050270776,0.015668511390686035,-0.4675541818141937,-0.08548267070273141,0.01194298267364502,-0.20880061388015747,-0.04052686948398332,0.023961126804351807,-0.2890512943267822,-0.07106699679115991,-0.00746607780456543,-0.24366331100463867,-0.08017625544289331,-0.026986241340637207,-0.19974052906036377,-0.07991399500588159,0.03827977180480957,-0.17169499397277832,-0.05161461118677835,0.03461599349975586,-0.2268558144569397,-0.07436507824877481,0.01281660795211792,-0.1999559998512268,-0.07606903348187188,0.0011311769485473633,-0.16580438613891602,-0.07375793788651208
0.5888102054595947,0.8793142437934875,6.496629794128239e-07,-0.047938764095306396,-0.039327383041381836,-0.02550071106759333,-0.07513695955276489,-0.12043696641921997,-0.04174506293145441,-0.06724423170089722,-0.19158774614334106,-0.05983090402094149,-0.02780938148498535,-0.22446215152740479,-0.07677445189563059,-0.06238746643066406,-0.23222577571868896,-0.024120047702467673,-0.08478587865829468,-0.3300940990447998,-0.044738423093235724,-0.09718769788742065,-0.38764050602912903,-0.05889559166041636,-0.10484015941619873,-0.4365848898887634,-0.06975137816277766,-0.021882832050323486,-0.23227012157440186,-0.030491167693412535,-0.0031424760818481445,-0.34843647480010986,-0.053307902081883185,0.005273401737213135,-0.41335785388946533,-0.07123630122748636,0.01530599594116211,-0.4662361145019531,-0.08345503733960413,0.011766493320465088,-0.20856881141662598,-0.03970777244774126,0.023971855640411377,-0.28858810663223267,-0.0704289563140037,-0.006838083267211914,-0.24219220876693726,-0.0791845880588653,-0.025915145874023438,-0.19791275262832642,-0.07841299103108668,0.03773444890975952,-0.1714056134223938,-0.0509042479237678,0.03358680009841919,-0.2278372049331665,-0.07340701298323893,0.010786890983581543,-0.20007771253585815,-0.07468985395041727,-0.002069830894470215,-0.16471099853515625,-0.07200696693269037
-0.002164483070373535,0.001963794231414795,2.7542341740627307e-09,-0.046763837337493896,-0.03711545467376709,-0.02547752161291328,-0.07394033670425415,-0.118380606174469,-0.041464064761669306,-0.06661075353622437,-0.18978279829025269,-0.059079882248909144,-0.028626561164855957,-0.22349703311920166,-0.07546426777508941,-0.06104385852813721,-0.2314503788948059,-0.023691157370478777,-0.08340466022491455,-0.32980769872665405,-0.043942556276590494,-0.09536105394363403,-0.3878549337387085,-0.05747885306146827,-0.10292559862136841,-0.43678200244903564,-0.06778026048806396,-0.0204622745513916,-0.23125183582305908,-0.029926023006112246,-0.00154954195022583,-0.34803473949432373,-0.05295339648392883,0.0069997310638427734,-0.4120447635650635,-0.07056662861970153,0.016802489757537842,-0.46410971879959106,-0.08212012474206176,0.013142526149749756,-0.2077135443687439,-0.03896227528122154,0.024871766567230225,-0.2859748601913452,-0.07009847883847442,-0.005248129367828369,-0.23848092555999756,-0.07828584735062805,-0.023683249950408936,-0.19446724653244019,-0.0768063408580133,0.03918951749801636,-0.17138653993606567,-0.04992112939027038,0.03490746021270752,-0.22539383172988892,-0.07267762397196975,0.014049649238586426,-0.1961451768875122,-0.0734416437592813,0.003520786762237549,-0.16178584098815918,-0.07016135428813186
0.5897152423858643,0.8793337941169739,6.379898422892438e-07,-0.048001110553741455,-0.03974258899688721,-0.024568213144050333,-0.07563954591751099,-0.12015002965927124,-0.040631737554178926,-0.06880098581314087,-0.19106602668762207,-0.05853827297102043,-0.029870212078094482,-0.22063946723937988,-0.07531731575141976,-0.06276726722717285,-0.23197442293167114,-0.024052144953714105,-0.08462786674499512,-0.3308139443397522,-0.04430279135118553,-0.09669065475463867,-0.3880212903022766,-0.05863128229390213,-0.10443994402885437,-0.43604493141174316,-0.06986103206287453,-0.02208799123764038,-0.23156428337097168,-0.03079188800762722,-0.0038135647773742676,-0.34713923931121826,-0.05329922958623001,0.005415678024291992,-0.4112873673439026,-0.07159409671436379,0.01576542854309082,-0.46325916051864624,-0.08439879863868782,0.012046098709106445,-0.2077811360359192,-0.040133871132240984,0.023951232433319092,-0.28739339113235474,-0.06971374153505394,-0.006415247917175293,-0.2420368790626526,-0.07809098064313957,-0.025907397270202637,-0.19779860973358154,-0.07759483158002922,0.0383375883102417,-0.1705242395401001,-0.051462210708962175,0.03425401449203491,-0.22668415307998657,-0.07319422810684273,0.012422561645507812,-0.19961172342300415,-0.07413455098281929,0.00027370452880859375,-0.1643550992012024,-0.07147387414585182
-0.0017818212509155273,0.002213895320892334,1.737134880386293e-08,-0.04813879728317261,-0.03957104682922363,-0.02457680896736747,-0.07579034566879272,-0.11991637945175171,-0.04076072172142631,-0.06908541917800903,-0.19180631637573242,-0.058765150316730796,-0.02979719638824463,-0.22178584337234497,-0.07559853018142348,-0.06273311376571655,-0.23165947198867798,-0.0245440338633216,-0.08490478992462158,-0.3307984471321106,-0.044834118046537697,-0.09683504700660706,-0.38821518421173096,-0.05922249303080207,-0.10458502173423767,-0.436531126499176,-0.07054278225518829,-0.022191107273101807,-0.2314555048942566,-0.031255807437673866,-0.003672361373901367,-0.34777921438217163,-0.05387096823073989,0.0052408576011657715,-0.4126451015472412,-0.07246808678723937,0.0152968168258667,-0.4657292068004608,-0.08550480724193221,0.01164776086807251,-0.20787084102630615,-0.04047149390794402,0.023339390754699707,-0.28696131706237793,-0.06978654832460052,-0.007251560688018799,-0.24083268642425537,-0.07803308189727431,-0.02661949396133423,-0.196560800075531,-0.07744576752998,0.03762662410736084,-0.17083942890167236,-0.05169279471851951,0.033433377742767334,-0.22725039720535278,-0.07300468505241042,0.011423468589782715,-0.19993942975997925,-0.07377491117335921,-0.0007089376449584961,-0.16460716724395752,-0.07103110075809127
0.5886359214782715,0.8794642090797424,6.266704986046534e-07,-0.04825174808502197,-0.03778475522994995,-0.024267967356990994,-0.0757596492767334,-0.12049287557601929,-0.03908476562673968,-0.06720280647277832,-0.1923028826713562,-0.05577802614743632,-0.02885901927947998,-0.2251068353652954,-0.07137500823910159,-0.0630156397819519,-0.23144352436065674,-0.02243692384536189,-0.08519482612609863,-0.32994723320007324,-0.04138547511274737,-0.09725001454353333,-0.38776305317878723,-0.0539928037064783,-0.10493910312652588,-0.43623530864715576,-0.06369897307331485,-0.02267289161682129,-0.23117268085479736,-0.028913707970332325,-0.0037842988967895508,-0.34772199392318726,-0.050775315179180325,0.004370152950286865,-0.41279298067092896,-0.06768944443638247,0.014020204544067383,-0.46510109305381775,-0.07895329923803729,0.011028051376342773,-0.2075129747390747,-0.03812980981047076,0.022709012031555176,-0.2872975468635559,-0.06871842177088183,-0.007850468158721924,-0.2407693862915039,-0.07755948187286776,-0.026577770709991455,-0.19648146629333496,-0.07662710876638812,0.037470877170562744,-0.17106372117996216,-0.049113340242456616,0.033262670040130615,-0.22819030284881592,-0.07192778916532916,0.010813295841217041,-0.19991284608840942,-0.07332411737615985,-0.0015264153480529785,-0.16427552700042725,-0.0705478596823923
-0.0013731718063354492,0.00037288665771484375,3.758373168238904e-08,-0.04796856641769409,-0.03788572549819946,-0.02503866258780363,-0.0749962329864502,-0.11725413799285889,-0.041333412041467454,-0.067638099193573,-0.188393235206604,-0.0595883813105047,-0.028702616691589355,-0.22239965200424194,-0.07655886675934198,-0.0624312162399292,-0.229608952999115,-0.023305948113602426,-0.08535528182983398,-0.32740628719329834,-0.04339417557935121,-0.0975026786327362,-0.3849855661392212,-0.05704220127086046,-0.10529163479804993,-0.43365001678466797,-0.06745095666269663,-0.022506415843963623,-0.22961360216140747,-0.02989073771755102,-0.003521740436553955,-0.3471395969390869,-0.0528435159824312,0.005562007427215576,-0.41249680519104004,-0.07097257043938043,0.015724778175354004,-0.46571803092956543,-0.08303737010578516,0.010580003261566162,-0.20628893375396729,-0.03923032920579317,0.022205233573913574,-0.2839268445968628,-0.07042200978617075,-0.008113443851470947,-0.23589986562728882,-0.07941282655815485,-0.02692312002182007,-0.19088733196258545,-0.0783722039661825,0.036012113094329834,-0.16997665166854858,-0.05041988309244516,0.031552672386169434,-0.2268581986427307,-0.07303611304382684,0.009372949600219727,-0.19700974225997925,-0.07399644817928674,-0.003024756908416748,-0.15985822677612305,-0.07087969895223978
0.5897163152694702,0.8818970918655396,6.265350407375081e-07,-0.047887980937957764,-0.03802287578582764,-0.024496643889790448,-0.07485634088516235,-0.11864244937896729,-0.04016048190379706,-0.06846469640731812,-0.19172000885009766,-0.05776469511175719,-0.030112743377685547,-0.22468411922454834,-0.07406211001062957,-0.06347596645355225,-0.23252320289611816,-0.022360396657234105,-0.08640307188034058,-0.33095723390579224,-0.04175344956303206,-0.09860783815383911,-0.38879093527793884,-0.055310488764291676,-0.10668116807937622,-0.4372623860836029,-0.06603267145538894,-0.023183763027191162,-0.23222190141677856,-0.029205567289238843,-0.004047513008117676,-0.3488657474517822,-0.05176108432198134,0.005355715751647949,-0.414411723613739,-0.07042507928991881,0.015993475914001465,-0.46687862277030945,-0.08319824290657607,0.010276496410369873,-0.20794737339019775,-0.03869097781563369,0.0225677490234375,-0.28561198711395264,-0.06876444918299285,-0.007821619510650635,-0.23924094438552856,-0.07775190574312774,-0.026823759078979492,-0.19504588842391968,-0.07731646401072112,0.03609341382980347,-0.1705114245414734,-0.05008313906574813,0.03210669755935669,-0.2256588339805603,-0.07244016331816283,0.01083594560623169,-0.1968572735786438,-0.07377535206461516,-0.000652611255645752,-0.16081464290618896,-0.07113832337046233
-0.0018848180770874023,-6.735324859619141e-06,3.310702823000611e-08,-0.04811578989028931,-0.03920102119445801,-0.024653522563426122,-0.07479596138000488,-0.11981779336929321,-0.040425386545507536,-0.0673564076423645,-0.19187301397323608,-0.05807212394222461,-0.02905970811843872,-0.22595518827438354,-0.07450443160280429,-0.06242150068283081,-0.2314550280570984,-0.02297389533862315,-0.08505278825759888,-0.3303707242012024,-0.042744312701074705,-0.09686514735221863,-0.3883398473262787,-0.056165963677017317,-0.10454139113426208,-0.43712902069091797,-0.06652245324596606,-0.022303998470306396,-0.23168843984603882,-0.029583994564859495,-0.0033045411109924316,-0.3485221266746521,-0.0522442462716981,0.0058097243309021,-0.4135130047798157,-0.07028758179887973,0.01598668098449707,-0.46623799204826355,-0.08240200233205996,0.011181294918060303,-0.20818758010864258,-0.038888454702942,0.02246403694152832,-0.28589552640914917,-0.06940980654701434,-0.008001446723937988,-0.2389223575592041,-0.07822262894853793,-0.026729106903076172,-0.19476842880249023,-0.07744916182502948,0.0371895432472229,-0.17145657539367676,-0.05006423619136058,0.03226041793823242,-0.2261475920677185,-0.07255638789877139,0.01030820608139038,-0.19622373580932617,-0.07365149658664905,-0.0015358328819274902,-0.15970677137374878,-0.07075470339998446
0.5900818705558777,0.8825810551643372,6.26175278739538e-07,-0.04825228452682495,-0.03935599327087402,-0.02584696365425998,-0.07523399591445923,-0.11990755796432495,-0.0422839074386161,-0.06906306743621826,-0.19216388463974,-0.06052629267702514,-0.030860602855682373,-0.2276514768600464,-0.07750645643005782,-0.06318610906600952,-0.23081731796264648,-0.023518100286821664,-0.08562397956848145,-0.3304751515388489,-0.04436444854269439,-0.09766632318496704,-0.3887830376625061,-0.0586941204024356,-0.10512673854827881,-0.4380223751068115,-0.06959096705446655,-0.022972822189331055,-0.23122060298919678,-0.029708871523837388,-0.0042192935943603516,-0.3486868143081665,-0.053216691966156304,0.004306316375732422,-0.4137131869792938,-0.07197535401115829,0.014562249183654785,-0.4667162597179413,-0.0845844260407489,0.010527193546295166,-0.20843017101287842,-0.038777634407381356,0.02240145206451416,-0.2880669832229614,-0.06974374866018707,-0.008699357509613037,-0.2414904236793518,-0.0786863005710643,-0.027560770511627197,-0.1971372365951538,-0.07791649168262893,0.036374688148498535,-0.17270314693450928,-0.04986213883290702,0.03206753730773926,-0.22921901941299438,-0.07216071700582916,0.010032057762145996,-0.2012837529182434,-0.07325911885033065,-0.0016894936561584473,-0.165951669216156,-0.07040253644714767
-0.00305330753326416,-0.00017899274826049805,3.0186697586032096e-08,-0.04784673452377319,-0.037734031677246094,-0.02488956857780522,-0.07397836446762085,-0.12023544311523438,-0.040594898875156105,-0.06665420532226562,-0.19191980361938477,-0.0581078871742875,-0.031579673290252686,-0.22542625665664673,-0.07460574131766862,-0.061709582805633545,-0.23200708627700806,-0.02399283718625611,-0.08457106351852417,-0.3302615284919739,-0.04449018162051743,-0.09697955846786499,-0.3880545496940613,-0.05802375894347733,-0.10489481687545776,-0.436897337436676,-0.06832943927804536,-0.021728336811065674,-0.2322990894317627,-0.030773975665965736,-0.0029760003089904785,-0.34994983673095703,-0.054316923733154,0.005587399005889893,-0.41451823711395264,-0.07202693146030015,0.016172945499420166,-0.46682941913604736,-0.0834958336905629,0.011916875839233398,-0.20839083194732666,-0.040265989269414604,0.023178160190582275,-0.28758400678634644,-0.07185082953731126,-0.008224189281463623,-0.2380428910255432,-0.07978098165551728,-0.026893675327301025,-0.1933078169822693,-0.07798000496188706,0.038097083568573,-0.17114180326461792,-0.05164028775254792,0.033686280250549316,-0.22629493474960327,-0.07510525804320878,0.01162809133529663,-0.19550788402557373,-0.0758364207700879,0.00026416778564453125,-0.15988492965698242,-0.07232570719281739
0.5892438888549805,0.8837683796882629,6.074293423807831e-07,-0.047782957553863525,-0.038830578327178955,-0.023380572567702984,-0.07446479797363281,-0.12142479419708252,-0.03808880283963845,-0.06734836101531982,-0.19241517782211304,-0.05484406709206269,-0.03238022327423096,-0.22208940982818604,-0.0707085697306411,-0.06110537052154541,-0.2337018847465515,-0.022253946061255192,-0.08373892307281494,-0.33081185817718506,-0.04172724544537232,-0.09605777263641357,-0.3880859613418579,-0.05472313299310372,-0.1038629412651062,-0.43658947944641113,-0.06491312071216271,-0.02081543207168579,-0.233465313911438,-0.029621929521681523,-0.0025086402893066406,-0.3506341576576233,-0.052345116282822346,0.006017208099365234,-0.4154244065284729,-0.06989324524533913,0.016637682914733887,-0.46672898530960083,-0.08154225036037133,0.013041675090789795,-0.209244966506958,-0.03957939207089112,0.024063706398010254,-0.28975892066955566,-0.07028489991557763,-0.008101820945739746,-0.24435555934906006,-0.07863592043054268,-0.027889907360076904,-0.2008516788482666,-0.07758728846442864,0.039489567279815674,-0.17175060510635376,-0.05130963831675217,0.03475534915924072,-0.22712630033493042,-0.07409670635593102,0.01245272159576416,-0.19863206148147583,-0.07510726585519478,0.0006545186042785645,-0.16382718086242676,-0.0721351621998565
-0.0016784071922302246,-0.0007019639015197754,3.57827047992032e-08,-0.04862934350967407,-0.038817763328552246,-0.024778282869306167,-0.07692164182662964,-0.12117928266525269,-0.040159127343144974,-0.07054144144058228,-0.1936969757080078,-0.05743156992241438,-0.031661033630371094,-0.2238389253616333,-0.07347075887366827,-0.06355017423629761,-0.2318698763847351,-0.02288732737645205,-0.08572542667388916,-0.3302205204963684,-0.04285838328644331,-0.0976947546005249,-0.3885732889175415,-0.05649978913709219,-0.10519561171531677,-0.43736931681632996,-0.06720783062621649,-0.022776424884796143,-0.2322453260421753,-0.02934709810062941,-0.004021823406219482,-0.3481960892677307,-0.05217744283720549,0.004423081874847412,-0.4132830500602722,-0.07011168696328696,0.01443260908126831,-0.4650658965110779,-0.08237741388722952,0.011045217514038086,-0.2088099718093872,-0.03856116034432944,0.023517489433288574,-0.2885947823524475,-0.06852609165355261,-0.007417082786560059,-0.24339181184768677,-0.07654892899438437,-0.026757538318634033,-0.19948744773864746,-0.07552690305158194,0.03746563196182251,-0.17191660404205322,-0.04981382437392767,0.03371542692184448,-0.226670503616333,-0.07165365167304572,0.011782824993133545,-0.19995486736297607,-0.07275432594462927,-0.00026088953018188477,-0.16575682163238525,-0.07012234874412115
0.58734530210495,0.880878746509552,6.074271823308663e-07,-0.047358810901641846,-0.03566521406173706,-0.023983451203775985,-0.07499796152114868,-0.11983644962310791,-0.03865411006040631,-0.06598454713821411,-0.1901683807373047,-0.05526582025117932,-0.029518425464630127,-0.2236562967300415,-0.07097783930726109,-0.061118125915527344,-0.2307722568511963,-0.02247066669292508,-0.08390337228775024,-0.32820773124694824,-0.04216579593844472,-0.09654659032821655,-0.38597363233566284,-0.05471674226350842,-0.10461187362670898,-0.4345967173576355,-0.06417072065301,-0.02094513177871704,-0.23043447732925415,-0.02924208030231057,-0.0022473931312561035,-0.3468838930130005,-0.05236642681188641,0.005650997161865234,-0.4113309383392334,-0.0692838678521639,0.015696287155151367,-0.46330368518829346,-0.07995042450852452,0.012414991855621338,-0.2070634961128235,-0.03871538363523541,0.023733913898468018,-0.28570449352264404,-0.07044743992514668,-0.007628500461578369,-0.23637545108795166,-0.07811913140244542,-0.02644515037536621,-0.19206362962722778,-0.07588138677306233,0.03859817981719971,-0.1714826226234436,-0.04991444818801938,0.03353625535964966,-0.2253912091255188,-0.07338769234843312,0.012198030948638916,-0.19416868686676025,-0.07388992853589116,0.0016649961471557617,-0.15932267904281616,-0.07007981337733327
-0.0015960335731506348,0.0018700361251831055,3.2877551348065026e-08,-0.04788827896118164,-0.037485361099243164,-0.023786022813965246,-0.07639706134796143,-0.12112921476364136,-0.038444105090547964,-0.06930506229400635,-0.1939234733581543,-0.05514030113999979,-0.029734253883361816,-0.22557371854782104,-0.07089522436444895,-0.062299251556396484,-0.2312166690826416,-0.021416358204533026,-0.08450037240982056,-0.3283904790878296,-0.041120010914255545,-0.09663692116737366,-0.3864666819572449,-0.054224039914060995,-0.10434886813163757,-0.4355834126472473,-0.06429732546394007,-0.02209317684173584,-0.23134064674377441,-0.028310598360349104,-0.00356215238571167,-0.34794920682907104,-0.05116631046121256,0.005091547966003418,-0.4139735698699951,-0.06868077025001185,0.015396177768707275,-0.46616366505622864,-0.08014037415568964,0.011368036270141602,-0.2080746293067932,-0.03793631822054522,0.023491084575653076,-0.2878125309944153,-0.06914976194684641,-0.007258713245391846,-0.24312353134155273,-0.07792732075040476,-0.026513397693634033,-0.1994190216064453,-0.07675926342790262,0.037505924701690674,-0.17221134901046753,-0.04929172575657503,0.03226405382156372,-0.22737246751785278,-0.0725694517809643,0.010603249073028564,-0.1984398365020752,-0.07392861649577753,-0.001110851764678955,-0.1624687910079956,-0.07093487635438578
0.5873857140541077,0.8820191621780396,6.26087512500817e-07,-0.04797142744064331,-0.038053154945373535,-0.024161846896959105,-0.0754694938659668,-0.11976683139801025,-0.039515915846777716,-0.06717854738235474,-0.1921544075012207,-0.05684671882386283,-0.028253257274627686,-0.22519832849502563,-0.07293830398316459,-0.06293457746505737,-0.23150092363357544,-0.0231073066204317,-0.08498460054397583,-0.3305949568748474,-0.04277840960617141,-0.09675684571266174,-0.38885265588760376,-0.05617747042174415,-0.10425996780395508,-0.4378185272216797,-0.06654962483639792,-0.02285522222518921,-0.23275649547576904,-0.02974844310278968,-0.004049956798553467,-0.3503875136375427,-0.05208767909402923,0.0054999589920043945,-0.415995717048645,-0.06985920999045447,0.016312062740325928,-0.46925264596939087,-0.08178966823811606,0.010537266731262207,-0.20984798669815063,-0.03899722877736167,0.02179795503616333,-0.28693699836730957,-0.0686694342255123,-0.008130490779876709,-0.23965901136398315,-0.07691952917571143,-0.026552915573120117,-0.19502365589141846,-0.07581004086728171,0.03649771213531494,-0.173566997051239,-0.05020078975553588,0.0334966778755188,-0.2303040623664856,-0.07184394780392722,0.011633872985839844,-0.20278716087341309,-0.07280017766947822,-0.0006037354469299316,-0.16738617420196533,-0.06990514281983451
-0.002990424633026123,0.0015850067138671875,1.0992607712978497e-08,-0.0465397834777832,-0.03680431842803955,-0.02345955563669122,-0.07424062490463257,-0.12078690528869629,-0.03781933342997945,-0.06669020652770996,-0.19222325086593628,-0.05411695694510854,-0.030073344707489014,-0.2236754298210144,-0.06958823284094251,-0.06100177764892578,-0.23369771242141724,-0.0214638505685798,-0.08327198028564453,-0.33073103427886963,-0.040542628671573766,-0.09563589096069336,-0.38880276679992676,-0.05314735328738607,-0.10339027643203735,-0.4374740719795227,-0.06298148265068448,-0.020775258541107178,-0.2331807017326355,-0.028629565666960843,-0.0025041699409484863,-0.35029762983322144,-0.051266655381368764,0.0061852335929870605,-0.41528841853141785,-0.06856703391258634,0.0166703462600708,-0.4660440683364868,-0.07979072263424314,0.012984752655029297,-0.20909053087234497,-0.03844319662039197,0.02453368902206421,-0.28852105140686035,-0.06950355699245847,-0.00664520263671875,-0.24320101737976074,-0.07815047731583036,-0.02595973014831543,-0.2002934217453003,-0.07712193211500562,0.03935420513153076,-0.17247599363327026,-0.04992941772525228,0.03391456604003906,-0.2258378267288208,-0.07342491676990903,0.012411117553710938,-0.19553685188293457,-0.07470920314972318,0.0017157196998596191,-0.16055965423583984,-0.07174583157484449
0.5870992541313171,0.8805782794952393,6.166789603412326e-07,-0.04742401838302612,-0.03719979524612427,-0.024122688879458565,-0.07490760087966919,-0.11881709098815918,-0.039178853814689774,-0.06805872917175293,-0.1883484125137329,-0.05618199515828337,-0.03225111961364746,-0.2201480269432068,-0.07232481423505988,-0.06103324890136719,-0.232127845287323,-0.022462533747045654,-0.08340680599212646,-0.3289160132408142,-0.04209908280262198,-0.09559261798858643,-0.3863091468811035,-0.055117042695371765,-0.10301831364631653,-0.43486684560775757,-0.06521386835464682,-0.020456016063690186,-0.23137903213500977,-0.02971676546820845,-0.0018767714500427246,-0.34854257106781006,-0.05266402471551146,0.006465554237365723,-0.41285252571105957,-0.07052291366943564,0.01681727170944214,-0.46410319209098816,-0.08234016779550757,0.013370692729949951,-0.2070736289024353,-0.039679964964477676,0.02536332607269287,-0.2880758047103882,-0.07145785722622122,-0.006620347499847412,-0.24252742528915405,-0.08100270662197318,-0.026467084884643555,-0.19918978214263916,-0.0805785376180097,0.039723217487335205,-0.16954398155212402,-0.05130366790780272,0.034576416015625,-0.224065899848938,-0.07504887316116537,0.012293338775634766,-0.1945214867591858,-0.07676296118387427,0.0006482601165771484,-0.15956419706344604,-0.07424552920946326
-0.0022411346435546875,0.002550065517425537,3.1559864055452636e-08,-0.04776346683502197,-0.038699209690093994,-0.02535452511267522,-0.0756571888923645,-0.11907118558883667,-0.041618395635055094,-0.07020354270935059,-0.19058454036712646,-0.059779062905477076,-0.031526148319244385,-0.22170746326446533,-0.07675081495301583,-0.06313782930374146,-0.23331069946289062,-0.022758692541287928,-0.08509114384651184,-0.3301798701286316,-0.0432803742970691,-0.09720659255981445,-0.38770192861557007,-0.057602655180858164,-0.10469755530357361,-0.4363466799259186,-0.06861164424674371,-0.022474467754364014,-0.23263537883758545,-0.029378548302815943,-0.003384411334991455,-0.34829097986221313,-0.052607510277198344,0.0053604841232299805,-0.41315746307373047,-0.07095807049529412,0.015483319759368896,-0.46548083424568176,-0.08332798633830407,0.011393487453460693,-0.20861095190048218,-0.03891887892143586,0.024618923664093018,-0.2882697582244873,-0.0702038929249511,-0.0060866475105285645,-0.2434489130973816,-0.07933934036748269,-0.02571702003479004,-0.19965368509292603,-0.07864618305222848,0.0376509428024292,-0.17132866382598877,-0.0503887869800792,0.03424602746963501,-0.2277008295059204,-0.07330722365634301,0.012082159519195557,-0.20010370016098022,-0.07468935851113656,-0.0007109642028808594,-0.1646096110343933,-0.07193657014624932
0.5857884287834167,0.8785004615783691,6.082896106818225e-07,-0.04621577262878418,-0.03661370277404785,-0.02361852585630686,-0.07401412725448608,-0.11872190237045288,-0.03850710674481661,-0.06687748432159424,-0.18893462419509888,-0.05536119177298815,-0.0302809476852417,-0.22196322679519653,-0.07131671815471918,-0.060347139835357666,-0.2310735583305359,-0.022737045803239653,-0.08272802829742432,-0.3279082179069519,-0.04214727788524897,-0.0953083336353302,-0.3856154978275299,-0.05455945714669497,-0.10331448912620544,-0.43439894914627075,-0.06404194890814097,-0.02048468589782715,-0.23048442602157593,-0.02986005044834883,-0.0016318559646606445,-0.3473442792892456,-0.05255570172624857,0.007099032402038574,-0.4128410816192627,-0.06945858805732996,0.017381489276885986,-0.4644858241081238,-0.08034755944566996,0.01290053129196167,-0.20666861534118652,-0.03959592341738016,0.024581551551818848,-0.28567588329315186,-0.07093289404468806,-0.006467878818511963,-0.2398194670677185,-0.07959365009622843,-0.025805771350860596,-0.196311354637146,-0.07841423063831598,0.03899437189102173,-0.170460045337677,-0.050991206460764715,0.033503055572509766,-0.22382962703704834,-0.07451797186689646,0.011156857013702393,-0.194116473197937,-0.07589739471035273,-0.0008623600006103516,-0.1591951847076416,-0.07294507979707987
-0.0018561482429504395,0.005213677883148193,2.619464112285641e-08,-0.04698371887207031,-0.03828001022338867,-0.023691739209255047,-0.0750124454498291,-0.11953860521316528,-0.03890421732540972,-0.06935054063796997,-0.1900169849395752,-0.056266979567965336,-0.032625436782836914,-0.2208690643310547,-0.07275346040006525,-0.06021970510482788,-0.23328018188476562,-0.021860503845175572,-0.08275026082992554,-0.32929784059524536,-0.041955401443203755,-0.0951639711856842,-0.3867397904396057,-0.05578794076319582,-0.10306334495544434,-0.43562015891075134,-0.06662229567047007,-0.020007789134979248,-0.23264271020889282,-0.029498243026694126,-0.0012263059616088867,-0.3491525650024414,-0.052746535532435246,0.007277965545654297,-0.4146760106086731,-0.07139560698743708,0.017534255981445312,-0.46711617708206177,-0.08395057290073282,0.013397634029388428,-0.208290696144104,-0.03983865424271471,0.025014519691467285,-0.28881895542144775,-0.07120922326322443,-0.006294965744018555,-0.24559849500656128,-0.08098091303583033,-0.025927960872650146,-0.20293384790420532,-0.0808693182396496,0.03930258750915527,-0.17086267471313477,-0.05190748094793207,0.03342580795288086,-0.22649049758911133,-0.07528331249233133,0.011560380458831787,-0.1991249918937683,-0.0772147115993107,-0.0002321004867553711,-0.1645459532737732,-0.07492220520254023
